:020000040800F2
:10000000008000207D1800082D1600083316000817
:10001000391600083F1600084516000800000000C9
:10002000000000000000000000000000B1A3000874
:100030004B1600080000000001A60008857F00089C
:10004000CD180008CD180008CD180008CD180008FC
:10005000CD180008CD180008CD180008CD180008EC
:10006000CD180008CD180008CD1800085916000852
:100070006D1600088116000895160008CD180008B6
:10008000CD18000800000000A9160008CD180008CF
:10009000CD180008CD180008CD180008CD180008AC
:1000A000C5160008D9160008CD180008CD1800089C
:1000B000CD180008CD180008CD180008CD1800088C
:1000C000CD180008CD180008CD180008CD1800087C
:1000D000CD180008CD180008CD180008CD1800086C
:1000E000CD180008CD180008CD180008CD1800085C
:1000F000CD180008CD180008CD1800080000000039
:1001000000000000CD18000800000000CD18000815
:10011000CD18000800000000ED160008CD180008FA
:10012000CD180008CD180008CD180008CD1800081B
:10013000CD1800080000000000000000CD180008E5
:10014000CD180008CD1800080000000000000000D5
:10015000000000000000000000000000000000009F
:10016000000000000000000000000000CD180008A2
:10017000CD18000800000000000000000000000092
:1001800000000000CD180008000000000000000082
:10019000000000000000000000000000000000005F
:1001A0000000000000000000CD180008CD18000875
:1001B000CD180008CD180008CD1800080000000078
:1001C00000000000CD180008000000000000000042
:0801D000CD180008CD1800084D
:1001E00053B94AB9002908BF00281CBF4FF0FF319E
:1001F0004FF0FF3000F00CB8ADF1080C6DE904CE03
:100200000AF0ACFCDDF804E0DDE9022304B070473D
:10021000704700BF0348044B834202D0034B03B135
:1002200018477047600000206000002000000000B8
:100230000548064B1B1AD90F01EBA301491002D048
:10024000034B03B118477047600000206000002096
:100250000000000010B5064C237843B9FFF7DAFF21
:10026000044B13B10448AFF300800123237010BD89
:10027000600000200000000034B0000808B5054B05
:100280001BB105490548AFF30080BDE80840FFF702
:10029000CFBF00BF000000006400002034B00008A1
:1002A00080B500AF01F013FB00F01FF800F080F8FC
:1002B00000F044F900F0A2FC00F028FE00F006FF78
:1002C00001F0B4F800F0DAFB00F032FD00F058FD68
:1002D00000F07EFD00F074F900F03EFA07F06CFECD
:1002E00001F0B2FA07F08CFEFEE780B594B000AFE3
:1002F00007F118033822002118460AF0ABFD3B1D18
:1003000000221A605A609A60DA601A61002002F0D6
:1003100065FA0123BB614FF48033FB6102237B63E9
:100320000323BB630123FB632A233B6402237B6417
:100330000223BB640223FB6407F11803184601F093
:10034000FDFA0346002B01D000F02CF80F237B6050
:100350000323BB600023FB604FF480633B614FF4D9
:1003600080637B613B1D0421184601F0F9FD0346C3
:10037000002B01D000F016F800BF5037BD4680BDFD
:1003800080B582B000AF78607B681B68044A9342F6
:1003900001D101F0B5FA00BF0837BD4680BD00BFEE
:1003A0000010004080B400AF72B600BFFEE700004E
:1003B00080B58AB000AF07F1140300221A605A60BA
:1003C0009A60DA601A61594BDB6C584A43F00403B7
:1003D000D364564BDB6C03F004033B613B69534B26
:1003E000DB6C524A43F02003D364504BDB6C03F0C8
:1003F0002003FB60FB684D4BDB6C4C4A43F0010370
:10040000D3644A4BDB6C03F00103BB60BB68474B12
:10041000DB6C464A43F00203D364444BDB6C03F0CD
:1004200002037B607B68414BDB6C404A43F008036E
:10043000D3643E4BDB6C03F008033B603B68002257
:100440004FF480413A4802F0FBFC002210214FF0AB
:10045000904002F0F5FC01224FF400414FF0904033
:1004600002F0EEFC00220421324802F0E9FC0022F6
:100470006021314802F0E4FC4FF480437B610123AA
:10048000BB610023FB6100233B6207F114031946A3
:10049000274802F049FB48F210037B610123BB614E
:1004A0000023FB6100233B6207F1140319464FF060
:1004B000904002F039FB4FF480637B610023BB6105
:1004C0000023FB6107F1140319461B4802F02CFBC3
:1004D0004FF400737B614FF48813BB610023FB6111
:1004E00007F114031946124802F01EFB04237B6136
:1004F0000123BB610023FB6100233B6207F114036E
:1005000019460C4802F010FB60237B610123BB619C
:100510000023FB6100233B6207F1140319460648E0
:1005200002F002FB00BF2837BD4680BD001002402C
:1005300000080048000C00480004004880B582B064
:1005400000AF1E4B9B6C1D4A43F0040393641B4B8E
:100550009B6C03F004037B607B68184B9B6C174A11
:1005600043F001039364154B9B6C03F001033B6064
:100570003B68002205210B2002F09CFA0B2002F0C0
:10058000B3FA002205210C2002F094FA0C2002F0AC
:10059000ABFA002205210D2002F08CFA0D2002F0AA
:1005A000A3FA002205210E2002F084FA0E2002F0A8
:1005B0009BFA00BF0837BD4680BD00BF0010024057
:1005C00080B59AB000AF07F15C0300221A605A6050
:1005D0009A6007F13C032022002118460AF03AFCF9
:1005E0003B463C22002118460AF034FC554B4FF0A4
:1005F000A0421A60534B4FF440325A60514B0022D4
:100600009A60504B4FF40042DA604E4B00221A6160
:100610004C4B01225A614B4B04229A61494B0022F8
:100620001A77484B00225A77464B02221A62454BF2
:10063000002283F82420434B0022DA62414B00223F
:100640001A63404B002283F838203E4B0022DA63C5
:100650003C4B002283F840203A4802F0E7FF034673
:10066000002B01D0FFF79EFE0023FB6507F15C0322
:100670001946344804F0E2FD0346002B01D0FFF791
:1006800091FE314BFB6306233B6404237B647F2391
:10069000BB640423FB6400233B6507F13C0319465C
:1006A000284803F07FFB0346002B01D0FFF77AFEBA
:1006B000264BFB630C233B6407F13C03194621489E
:1006C00003F070FB0346002B01D0FFF76BFE204BBD
:1006D0003B6009237B600123BB607F23FB60042315
:1006E0003B6100237B6102233B62002387F82430B7
:1006F000002387F82530002387F826308423BB6247
:100700008023FB62002387F830303B4619460D48B2
:1007100004F0B4F80346002B01D0FFF743FE0D4B65
:100720003B6040F20F137B603B461946054804F0DE
:10073000A5F80346002B01D0FFF734FE00BF683751
:10074000BD4680BD7C0000200040C03A0008302E2D
:100750000002B0252000F01480B598B000AF07F17A
:1007600040032022002118460AF074FB3B1D3C2266
:10077000002118460AF06EFB474B484A1A60464B68
:100780004FF440325A60444B00229A60424B4FF47F
:100790000042DA60404B00221A613F4B01225A614D
:1007A0003D4B04229A613C4B00221A773A4B0022BF
:1007B0005A77394B01221A62374B002283F82420E2
:1007C000354B0022DA62344B00221A63324B00228E
:1007D00083F83820304B0022DA632F4B002283F855
:1007E00040202D4802F022FF0346002B01D0FFF7E6
:1007F000D9FD2B4B3B6406237B640423BB647F231E
:10080000FB6404233B6500237B6507F14003194625
:10081000214803F0C7FA0346002B01D0FFF7C2FDC1
:10082000204B7B600923BB600123FB607F233B617E
:1008300004237B610023BB6102237B62002387F8D2
:100840002830002387F82930002387F82A308423B2
:10085000FB6280233B63002387F834303B1D19463D
:100860000D4804F00BF80346002B01D0FFF79AFD6A
:100870000D4B7B6040F20F13BB603B1D19460648D1
:1008800003F0FCFF0346002B01D0FFF78BFD00BFF8
:100890006037BD4680BD00BFE80000200001005069
:1008A0000008302E2000F0140002B02580B59EB064
:1008B00000AF786007F1640300221A605A609A6002
:1008C000DA601A6107F120034422002118460AF079
:1008D000C1FA7B681B68B3F1A04F77D14FF4004396
:1008E0003B624FF00053FB6507F12003184601F00F
:1008F00085FD0346002B01D0FFF754FD5A4B1B68C2
:100900000133594A1360584B1B68012B0BD1574BCD
:10091000DB6C564A43F40053D364544BDB6C03F452
:100920000053FB61FB69514BDB6C504A43F00403FD
:10093000D3644E4BDB6C03F00403BB61BB694B4BD0
:10094000DB6C4A4A43F00103D364484BDB6C03F091
:1009500001037B617B69454BDB6C444A43F0020336
:10096000D364424BDB6C03F002033B613B690F2312
:100970007B660323BB660023FB6607F1640319460D
:100980003B4802F0D1F801237B660323BB660023BA
:10099000FB6607F1640319464FF0904002F0C4F87B
:1009A0004FF4B0437B660323BB660023FB6607F16D
:1009B000640319462F4802F0B7F8002205211220DF
:1009C00002F078F8122002F08FF849E07B681B688B
:1009D000294A934244D14FF400433B624FF0005305
:1009E000FB6507F12003184601F008FD0346002BC4
:1009F00001D0FFF7D7FC1C4B1B6801331A4A136068
:100A0000194B1B68012B0BD1184BDB6C174A43F4B5
:100A10000053D364154BDB6C03F40053FB60FB689D
:100A2000124BDB6C114A43F00403D3640F4BDB6CB5
:100A300003F00403BB60BB6838237B660323BB66FB
:100A40000023FB6607F164031946094802F06CF8BD
:100A500000220521122002F02DF8122002F044F8A5
:100A600000BF7837BD4680BD540100200010024011
:100A700000080048000400480001005080B500AFA5
:100A80001F4B204A1A601E4B01225A601C4B002249
:100A90009A601B4B0022DA60194B00221A74184B23
:100AA00000225A74164B00229A74154B04225A6184
:100AB000134B01229A61124B1022DA61104B04226F
:100AC0001A620F4B01225A620D4B01229A620C4BA3
:100AD0000122DA620A4B01221A63094B00225A638F
:100AE000074B00229A63064B0022DA63044804F0A5
:100AF00049FC0346002B01D0FFF754FC00BF80BD2A
:100B0000580100200064004080B59CB000AF7860C0
:100B100007F15C0300221A605A609A60DA601A6179
:100B200007F118034422002118460AF093F97B6864
:100B30001B682F4A934256D14FF48053BB614FF04C
:100B40000073BB6407F11803184601F057FC034615
:100B5000002B01D0FFF726FC264B9B6D254A43F066
:100B600000739365234B9B6D03F000737B617B697E
:100B7000204BDB6C1F4A43F00103D3641D4BDB6C3D
:100B800003F001033B613B691A4BDB6C194A43F0EC
:100B90000203D364174BDB6C03F00203FB60FB68BA
:100BA0004FF40063FB6502233B6600237B66002352
:100BB000BB660923FB6607F15C0319464FF09040C2
:100BC00001F0B2FF4FF40073FB6502233B66002384
:100BD0007B660023BB660923FB6607F15C031946AD
:100BE000054801F0A1FF00BF7037BD4680BD00BFC2
:100BF00000640040001002400004004880B500AFCF
:100C00001B4B1C4A1A601A4B1B4A5A60184B002295
:100C10009A60174B0122DA60154B00221A61144BBF
:100C200000225A61124B00229A61114B0022DA61B4
:100C30000F4B00221A620E4804F054FD0346002BAD
:100C400001D0FFF7AFFB0021094804F0E6FD0346A1
:100C5000002B01D0FFF7A6FB0021054804F028FE79
:100C60000346002B01D0FFF79DFB00BF80BD00BFF6
:100C7000BC010020005400409D6F912080B59AB0C7
:100C800000AF786007F1540300221A605A609A603E
:100C9000DA601A6107F110034422002118460AF0B5
:100CA000D9F87B681B681F4A934236D140233B61C9
:100CB0000023BB6207F11003184601F09FFB0346B7
:100CC000002B01D0FFF76EFB174BDB6C164A43F08D
:100CD0000203D364144BDB6C03F00203FB60FB687C
:100CE0004FF4C0737B651223BB650023FB650023B3
:100CF0003B6604237B6607F1540319460B4801F059
:100D000013FF094B9B6D084A43F400139365064B90
:100D10009B6D03F40013BB60BB6800BF6837BD4622
:100D200080BD00BF00540040001002400004004895
:100D300080B500AF104B114A1A600F4B80225A60E9
:100D40000D4B00229A600C4B0022DA600A4B002205
:100D50001A61094B00221A75074B00229A61064B53
:100D60000022DA62044804F0EFFD0346002B01D0B4
:100D7000FFF718FB00BF80BD1002002000030140F8
:100D800080B500AF104B114A1A600F4B80225A6099
:100D90000D4B00229A600C4B0022DA600A4B0022B5
:100DA0001A61094B00221A75074B00229A61064B03
:100DB0000022DA62044804F0C7FD0346002B01D08C
:100DC000FFF7F0FA00BF80BD4C0200200403014091
:100DD00080B500AF104B114A1A600F4B80225A6049
:100DE0000D4B00229A600C4B0022DA600A4B002265
:100DF0001A61094B00221A75074B00229A61064BB3
:100E00000022DA62044804F09FFD0346002B01D063
:100E1000FFF7C8FA00BF80BD880200200803014028
:100E200080B58AB000AF786007F1140300221A6021
:100E30005A609A60DA601A617B681B682E4A934296
:100E400019D12E4BDB6C2D4A43F00103D3642B4B9D
:100E5000DB6C03F001033B613B690E237B610323E1
:100E6000BB610023FB6107F1140319464FF090406A
:100E700001F05AFE3BE07B681B68214A934219D17E
:100E80001E4BDB6C1D4A43F00103D3641B4BDB6C30
:100E900003F00103FB60FB68E0237B610323BB617C
:100EA0000023FB6107F1140319464FF0904001F055
:100EB0003BFE1CE07B681B68124A934217D10F4B24
:100EC000DB6C0E4A43F00203D3640C4BDB6C03F083
:100ED0000203BB60BB6807237B610323BB61002364
:100EE000FB6107F114031946074801F01DFE00BF1E
:100EF0002837BD4680BD00BF0003014000100240FE
:100F000004030140080301400004004880B500AF1D
:100F10001B4B1C4A1A601A4B4FF482725A60184BD2
:100F200000229A60164B4FF47062DA60144B002274
:100F30001A61134B01225A61114B4FF400729A61EE
:100F40000F4B1822DA610E4B00221A620C4B002262
:100F50005A620B4B00229A62094B0722DA62084B55
:100F600000221A63064B00225A63054804F0BCFDB8
:100F70000346002B01D0FFF715FA00BF80BD00BF6C
:100F8000C4020020003C004080B58AB000AF786009
:100F900007F1140300221A605A609A60DA601A613D
:100FA0007B681B68424A93427ED1424B9B6D414A0B
:100FB00043F4004393653F4B9B6D03F400433B6157
:100FC0003B693C4BDB6C3B4A43F00403D364394B35
:100FD000DB6C03F00403FB60FB684FF4E0537B61C0
:100FE0000223BB610023FB6100233B6206237B627B
:100FF00007F114031946304801F096FD2F4B304A93
:101000001A602E4B0E225A602C4B00229A602B4BFA
:101010000022DA60294B80221A61284B4FF480723B
:101020005A61264B4FF480629A61244B0022DA61A8
:10103000224B00221A62214801F01AFF0346002BBE
:1010400001D0FFF7AFF97B681C4A9A651B4A7B68A1
:1010500093621C4B1C4A1A601A4B0F225A60194BA0
:1010600010229A60174B0022DA60164B80221A6118
:10107000144B4FF480725A61124B4FF480629A61A4
:10108000104B0022DA610F4B00221A620D4801F06A
:10109000EFFE0346002B01D0FFF784F97B68094A75
:1010A0005A65084A7B68936200BF2837BD4680BDF9
:1010B000003C0040001002400008004828030020C7
:1010C00030000240880300204400024080B59EB0FA
:1010D00000AF07F1680300221A605A609A60DA6074
:1010E00007F15C0300221A605A609A6007F150030E
:1010F00000221A605A609A6007F1340300221A60D5
:101100005A609A60DA601A615A619A613B463422E9
:101110000021184609F09EFE644B654A1A60634B35
:1011200000225A60614B20229A60604B41F23422C7
:10113000DA605E4B4FF480721A615C4B01225A6197
:101140005A4B00229A61594804F079FD0346002B5E
:1011500001D0FFF727F94FF48053BB6607F168030E
:101160001946524805F0F0F80346002B01D0FFF76E
:1011700019F94E4804F024FE0346002B01D0FFF776
:1011800011F97023FB6500233B6600237B6607F1A2
:101190005C031946454805F061FE0346002B01D06B
:1011A000FFF700F901233B6501237B650023BB6545
:1011B00007F150031A4601213C4805F05DFF034644
:1011C000002B01D0FFF7EEF860237B6340F641234C
:1011D000BB630023FB6300233B6400237B64002389
:1011E000BB640023FB6407F13403002219462F4837
:1011F00004F096FF0346002B01D0FFF7D3F807F168
:10120000340304221946294804F08AFF0346002BC0
:1012100001D0FFF7C7F807F1340308221946234825
:1012200004F07EFF0346002B01D0FFF7BBF87023CC
:101230007B630023BB6307F134030C2219461B4870
:1012400004F06EFF0346002B01D0FFF7ABF84FF41C
:1012500000633B604FF480637B600023BB605423DA
:10126000FB604FF480533B6100237B610323BB6130
:101270000023FB6100233B624FF000737B6200237D
:10128000BB620023FB6200233B633B4619460748D1
:1012900005F066FE0346002B01D0FFF783F80348F4
:1012A00000F05CF800BF7837BD4680BDE803002041
:1012B000002C014080B58AB000AF786007F11403BC
:1012C00000221A605A609A60DA601A617B681B68B3
:1012D0001F4A934238D11F4B1B6E1E4A43F40063D2
:1012E00013661C4B1B6E03F400633B613B69194B97
:1012F000DB6C184A43F00403D364164BDB6C03F039
:101300000403FB60FB684FF400537B611223BB6155
:101310000123FB6100233B6202237B6207F114037C
:1013200019460D4801F000FC00220521182001F0AB
:10133000C1FB182001F0D8FB00220521192001F083
:10134000B9FB192001F0D0FB00BF2837BD4680BD96
:10135000002C0140001002400008004880B58AB00F
:1013600000AF786007F1140300221A605A609A6097
:10137000DA601A617B681B68294A93424BD1294B7A
:10138000DB6C284A43F00203D364264BDB6C03F08A
:1013900002033B613B69234BDB6C224A43F00103B0
:1013A000D364204BDB6C03F00103FB60FB684FF45C
:1013B00000537B610223BB610223FB6102233B627A
:1013C00006237B6207F114031946174801F0ACFBB2
:1013D0004FF400437B610223BB610223FB610223C4
:1013E0003B6204237B6207F1140319460E4801F0A7
:1013F0009BFB4FF4B8537B610223BB610223FB616B
:1014000002233B6206237B6207F1140319464FF067
:10141000904001F089FB00BF2837BD4680BD00BF6A
:10142000002C0140001002400004004880B500AFCD
:10143000224B234A1A60214B4FF4E1325A601F4B72
:1014400000229A601D4B0022DA601C4B00221A61B8
:101450001A4B0C225A61194B00229A61174B002239
:10146000DA61164B00221A62144B00225A62134BA7
:1014700000229A62114805F01DFF0346002B01D09F
:10148000FEF790FF00210D4806F088FC0346002B74
:1014900001D0FEF787FF0021084806F0BDFC034697
:1014A000002B01D0FEF77EFF044806F03EFC034609
:1014B000002B01D0FEF776FF00BF80BD3404002072
:1014C0000044004080B59AB000AF786007F1540343
:1014D00000221A605A609A60DA601A6107F11003FC
:1014E00044220021184609F0B5FC7B681B68484A75
:1014F000934240F0898002233B610023BB6107F1E6
:101500001003184600F07AFF0346002B01D0FEF7C7
:1015100049FF404B9B6D3F4A43F4003393653D4B7D
:101520009B6D03F40033FB60FB683A4BDB6C394A7C
:1015300043F00203D364374BDB6C03F00203BB6060
:10154000BB6818237B650223BB650023FB65002372
:101550003B6607237B6607F1540319462E4801F0CA
:10156000E3FA2E4B2E4A1A602C4B1A225A602B4B50
:1015700000229A60294B0022DA60284B80221A61EF
:10158000264B00225A61254B00229A61234B0022F0
:10159000DA61224B00221A62204801F069FC0346FE
:1015A000002B01D0FEF7FEFE7B681C4AC3F88020AA
:1015B0001A4A7B6893621B4B1B4A1A60194B1B2209
:1015C0005A60184B10229A60164B0022DA60154BB5
:1015D00080221A61134B00225A61124B00229A6139
:1015E000104B0022DA610F4B00221A620D4801F005
:1015F0003FFC0346002B01D0FEF7D4FE7B68094A6E
:10160000DA67084A7B68936200BF6837BD4680BDD1
:10161000004400400010024000040048C8040020BC
:1016200008000240280500201C00024080B400AFE2
:10163000FEE780B400AFFEE780B400AFFEE780B401
:1016400000AFFEE780B400AFFEE780B400AF00BF9C
:10165000BD465DF8047B704780B500AF024801F0DD
:10166000AFFC00BF80BD00BFC804002080B500AF44
:10167000024801F0A5FC00BF80BD00BF2805002086
:1016800080B500AF024801F09BFC00BF80BD00BFE9
:101690002803002080B500AF024801F091FC00BF94
:1016A00080BD00BF8803002080B500AF034802F072
:1016B00041F9034802F03EF900BF80BD7C000020E4
:1016C000E800002080B500AF024804F0DAFB00BF5C
:1016D00080BD00BFE803002080B500AF024804F0E1
:1016E000D0FB00BF80BD00BFE803002080B500AF85
:1016F000024804F0C6FB00BF80BD00BF8805002083
:1017000080B582B000AF124B1B6E114A43F001034B
:1017100013660F4B1B6E03F001037B607B680C4B61
:101720009B6D0B4A43F080539365094B9B6D03F00F
:1017300080533B603B6800220F216FF0010001F0F5
:10174000B9F901F0EFF800BF0837BD4680BD00BF12
:101750000010024080B58CB000AF78600023BB62FF
:1017600000237B622D4B9B6D2C4A43F01003936545
:101770002A4B9B6D03F01003BB60BB6807F10C02A2
:1017800007F110031146184600F0C0FD00F092FD6D
:1017900003465B00BB62BB6A214AA2FB03239B0C8E
:1017A000013B7B621F4B204A1A601E4B40F2E7321E
:1017B000DA601C4A7B6A53601A4B00221A61194B8B
:1017C00000229A60174804F03AFA034687F82F304F
:1017D00097F82F30002B1BD1124804F087FA0346EC
:1017E00087F82F3097F82F30002B11D1362001F0D9
:1017F0007BF97B680F2B08D800227968362001F02E
:1018000059F90A4A7B68136002E0012387F82F30F8
:1018100097F82F3018463037BD4680BD0010024083
:1018200083DE1B43880500200010004000000020DC
:1018300080B483B000AF7860396000BF0C37BD461C
:101840005DF8047B7047000080B500AF044A0021BA
:10185000044806F0FBFB0346034A136000BF80BD4B
:1018600070B000086D180008D405002080B582B063
:1018700000AF7860012006F07EFCFBE70D4885464E
:1018800001F040F90C480D490D4A002302E0D458FC
:10189000C4500433C4188C42F9D30A4A0A4C0023BA
:1018A00001E013600432A242FBD309F039FBFEF7DA
:1018B000F7FCFEE700800020000000206000002010
:1018C000E4B0000860000020F4640020FEE780B56A
:1018D00082B000AF0023FB71032001F0E0F80F207D
:1018E000FFF738FF0346002B02D00123FB7101E014
:1018F000FFF706FFFB7918460837BD4680BD00009C
:1019000080B400AF054B1A68054B1B681344034AAB
:10191000136000BFBD465DF8047B7047D80500200A
:101920000400002080B400AF034B1B681846BD467E
:101930005DF8047B704700BFD805002080B588B0F3
:1019400000AF78607B68002B01D10123FEE27B6849
:101950001B6803F00103002B75D0974B9B6803F0C5
:101960000C03BB61944BDB6803F003037B61BB6931
:101970000C2B02D17B69032B02D0BB69082B0BD146
:101980008D4B1B6803F40033002B5BD07B685B68D6
:10199000002B57D10123D9E27B685B68B3F5803F08
:1019A00006D1854B1B68844A43F4803313601DE0E5
:1019B0007B685B68B3F5A02F0CD17F4B1B687E4A18
:1019C00043F4802313607C4B1B687B4A43F48033D1
:1019D00013600BE0784B1B68774A23F48033136065
:1019E000754B1B68744A23F4802313607B685B6823
:1019F000002B13D0FFF796FF386108E0FFF792FF46
:101A000002463B69D31A642B01D903239EE26A4B39
:101A10001B6803F40033002BF0D014E0FFF782FFC3
:101A2000386108E0FFF77EFF02463B69D31A642B5A
:101A300001D903238AE2604B1B6803F40033002BB7
:101A4000F0D100E000BF7B681B6803F00203002BAD
:101A500075D0594B9B6803F00C03BB61564BDB6898
:101A600003F003037B61BB690C2B02D17B69022B62
:101A700002D0BB69042B1FD14F4B1B6803F480635A
:101A8000002B05D07B68DB68002B01D101235DE2D0
:101A9000494B5B6823F0FE427B681B691B06464985
:101AA00013434B60454B1B681846FFF753FE034634
:101AB000002B43D0012349E27B68DB68002B23D055
:101AC0003D4B1B683C4A43F480731360FFF72AFFC9
:101AD000386108E0FFF726FF02463B69D31A022B64
:101AE00001D9032332E2344B1B6803F48063002BDB
:101AF000F0D0314B5B6823F0FE427B681B691B060C
:101B00002D4913434B601AE02B4B1B682A4A23F4E0
:101B100080731360FFF706FF386108E0FFF702FFEC
:101B200002463B69D31A022B01D903230EE2224B52
:101B30001B6803F48063002BF0D100E000BF7B68DA
:101B40001B6803F00803002B41D07B685B69002B06
:101B50001CD0194BD3F89430174A43F00103C2F854
:101B60009430FFF7DFFE386108E0FFF7DBFE024646
:101B70003B69D31A022B01D90323E7E10E4BD3F8BB
:101B8000943003F00203002BEFD020E00A4BD3F88F
:101B90009430094A23F00103C2F89430FFF7C2FEE3
:101BA00038610DE0FFF7BEFE02463B69D31A022BF7
:101BB00006D90323CAE100BF001002400000002044
:101BC0008C4BD3F8943003F00203002BEAD17B68EE
:101BD0001B6803F00403002B00F0A6800023FB77B2
:101BE000844B9B6D03F08053002B01D1012300E057
:101BF0000023002B0DD07F4B9B6D7E4A43F080531A
:101C000093657C4B9B6D03F08053FB60FB68012365
:101C1000FB77794B1B6803F48073002B18D1764B4C
:101C20001B68754A43F480731360FFF77BFE3861CD
:101C300008E0FFF777FE02463B69D31A022B01D971
:101C4000032383E16C4B1B6803F48073002BF0D0FB
:101C50007B689B68012B08D1664BD3F89030654AAE
:101C600043F00103C2F8903024E07B689B68052BA9
:101C700010D1604BD3F890305E4A43F00403C2F8B1
:101C800090305C4BD3F890305A4A43F00103C2F8CD
:101C900090300FE0574BD3F89030564A23F00103B1
:101CA000C2F89030534BD3F89030524A23F00403DB
:101CB000C2F890307B689B68002B16D0FFF732FE8D
:101CC00038610AE0FFF72EFE02463B69D31A41F263
:101CD0008832934201D9032338E1464BD3F8903040
:101CE00003F00203002BEDD015E0FFF71BFE386177
:101CF0000AE0FFF717FE02463B69D31A41F2883229
:101D0000934201D9032321E13A4BD3F8903003F0F9
:101D10000203002BEDD1FB7F012B05D1354B9B6DD1
:101D2000344A23F0805393657B681B6803F02003DB
:101D3000002B3CD07B689B69002B1CD02D4BD3F82B
:101D400098302C4A43F00103C2F89830FFF7EAFDBF
:101D5000386108E0FFF7E6FD02463B69D31A022B23
:101D600001D90323F2E0234BD3F8983003F00203A8
:101D7000002BEFD01BE01F4BD3F898301D4A23F007
:101D80000103C2F89830FFF7CDFD386108E0FFF796
:101D9000C9FD02463B69D31A022B01D90323D5E0C2
:101DA000144BD3F8983003F00203002BEFD17B687B
:101DB000DB69002B00F0C9800E4B9B6803F00C031D
:101DC0000C2B00F083807B68DB69022B5ED1094B12
:101DD0001B68084A23F080731360FFF7A3FD386186
:101DE0000CE0FFF79FFD02463B69D31A022B05D991
:101DF0000323ABE00010024000700040554B1B680D
:101E000003F00073002BECD1524BDA68524B1340B5
:101E10007A68116A7A68526A013A120111437A6843
:101E2000926A120211437A68126B5208013A520503
:101E300011437A68526B5208013A520611437A688C
:101E4000D26AD2060A4343491343CB60414B1B6815
:101E5000404A43F0807313603E4BDB683D4A43F0D9
:101E60008073D360FFF75EFD386108E0FFF75AFD2D
:101E700002463B69D31A022B01D9032366E0354B96
:101E80001B6803F00073002BF0D05EE0314B1B6841
:101E9000304A23F080731360FFF744FD386108E097
:101EA000FFF740FD02463B69D31A022B01D90323F9
:101EB0004CE0284B1B6803F00073002BF0D1254B3E
:101EC000DA682449254B1340CB603EE07B68DB6930
:101ED000012B01D1012339E01E4BDB687B617B695B
:101EE00003F003027B681B6A9A422CD17B6903F0E2
:101EF000F0027B685B6A013B1B019A4223D17B693C
:101F000003F4FE427B689B6A1B029A421BD17B69E9
:101F100003F078427B68DB6ADB069A4213D17B6967
:101F200003F4C0027B681B6B5B08013B5B059A42B4
:101F300009D17B6903F0C0627B685B6B5B08013B86
:101F40005B069A4201D0012300E0002318462037A7
:101F5000BD4680BD001002400C809F01FCFFEEFEDC
:101F600080B586B000AF7860396000237B617B6804
:101F7000002B01D101231EE1914B1B6803F00F03DD
:101F80003A689A4210D98E4B1B6823F00F028C4995
:101F90003B6813430B608A4B1B6803F00F033A68DE
:101FA0009A4201D0012306E17B681B6803F001031C
:101FB000002B73D07B685B68032B29D1814B1B6896
:101FC00003F00073002B01D10123F4E000F0D0F9FD
:101FD00038613B697C4A93423FD97A4B9B6803F056
:101FE000F003002B09D07B681B6803F00203002B71
:101FF00033D07B689B68002B2FD1724B9B6823F0FA
:10200000F003704A43F08003936080237B6124E0F7
:102010007B685B68022B07D16A4B1B6803F40033B3
:10202000002B09D10123C6E0664B1B6803F48063D3
:10203000002B01D10123BEE000F0CEF838613B69EE
:10204000614A934209D95F4B9B6823F0F0035D4AD4
:1020500043F08003936080237B615A4B9B6823F09D
:1020600003027B685B68574913438B60FFF75AFC98
:10207000F8600AE0FFF756FC0246FB68D31A41F20B
:102080008832934201D9032395E04E4B9B6803F0BD
:102090000C027B685B689B009A42EBD17B681B68F3
:1020A00003F00203002B23D07B681B6803F00403BA
:1020B000002B05D0434B9B68424A43F4E063936096
:1020C0007B681B6803F00803002B07D03D4B9B681F
:1020D00023F47C533B4A43F4E0639360394B9B68A1
:1020E00023F0F0027B689B68364913438B6008E05D
:1020F0007B69802B05D1334B9B68324A23F0F00378
:1021000093602F4B1B6803F00F033A689A421DD26D
:102110002B4B1B6823F00F0229493B6813430B60CC
:10212000FFF700FCF8600AE0FFF7FCFB0246FB68E3
:10213000D31A41F28832934201D903233BE0204B6A
:102140001B6803F00F033A689A42EDD17B681B6865
:1021500003F00403002B08D01A4B9B6823F4E062C1
:102160007B68DB68174913438B607B681B6803F04F
:102170000803002B09D0134B9B6823F460527B6843
:102180001B69DB000F4913438B6000F025F8024602
:102190000C4B9B681B0903F00F030C49CB5C03F04D
:1021A0001F0322FA03F30A4A13600A4B1B681846FE
:1021B000FFF7D0FA034618461837BD4680BD00BF6A
:1021C000002002400010024000B4C40494B0000893
:1021D000080000200000002080B487B000AF2C4B26
:1021E0009B6803F00C03042B02D12A4B3B6147E0B0
:1021F000274B9B6803F00C03082B02D1264B3B6155
:102200003EE0234B9B6803F00C030C2B36D1204B94
:10221000DB6803F00303FB601D4BDB681B0903F065
:102220000F030133BB60FB68032B0CD11A4ABB6858
:10223000B2FBF3F3164AD268120A02F07F0202FBE5
:1022400003F37B610CE0134ABB68B2FBF3F3104A63
:10225000D268120A02F07F0202FB03F37B6100BF27
:102260000B4BDB685B0E03F0030301335B007B6009
:102270007A697B68B2FBF3F33B6101E000233B61C9
:102280003B6918461C37BD465DF8047B704700BFAC
:10229000001002400024F40000127A0080B400AF65
:1022A000034B1B681846BD465DF8047B704700BFB2
:1022B0000800002080B500AFFFF7F0FF0246064B94
:1022C0009B681B0A03F007030449CB5C03F01F0360
:1022D00022FA03F3184680BD00100240A4B00008A3
:1022E00080B500AFFFF7DAFF0246064B9B68DB0ABA
:1022F00003F007030449CB5C03F01F0322FA03F346
:10230000184680BD00100240A4B0000880B483B01D
:1023100000AF786039607B680F221A60124B9B68AF
:1023200003F003027B685A600F4B9B6803F0F002D6
:102330007B689A600C4B9B6803F4E0627B68DA6010
:10234000094B9B68DB0803F4E0627B681A61074B6A
:102350001B6803F00F023B681A6000BF0C37BD46D4
:102360005DF8047B704700BF00100240002002406F
:1023700080B487B000AF1E4BDB6803F003033B6102
:102380001B4BDB681B0903F00F030133FB603B6948
:10239000032B0CD1174AFB68B2FBF3F3144AD26843
:1023A000120A02F07F0202FB03F37B610CE0124A87
:1023B000FB68B2FBF3F30E4AD268120A02F07F0206
:1023C00002FB03F37B6100BF094BDB685B0E03F08C
:1023D000030301335B00BB607A69BB68B2FBF3F3B4
:1023E0007B607B6818461C37BD465DF8047B7047F0
:1023F0000010024000127A000024F40080B586B07C
:1024000000AF78600023FB740023BB747B681B68FB
:1024100003F40023002B00F0988000237B74434BCF
:102420009B6D03F08053002B0DD1404B9B6D3F4AB9
:1024300043F0805393653D4B9B6D03F08053BB602D
:10244000BB6801237B743A4B1B68394A43F48073A1
:102450001360FFF767FAF86009E0FFF763FA0246D6
:10246000FB68D31A022B02D90323FB7405E0304B1F
:102470001B6803F48073002BEFD0FB7C002B59D139
:102480002A4BD3F8903003F440737B617B69002BB7
:102490001ED07B681B6C7A699A4219D0234BD3F803
:1024A000903023F440737B61204BD3F890301F4A67
:1024B00043F48033C2F890301C4BD3F890301B4A61
:1024C00023F48033C2F89030184A7B69C2F8903008
:1024D0007B6903F00103002B16D0FFF723FAF860A5
:1024E0000BE0FFF71FFA0246FB68D31A41F288326D
:1024F000934202D90323FB7406E00C4BD3F89030CF
:1025000003F00203002BECD0FB7C002B0BD1074B1C
:10251000D3F8903023F440727B681B6C034913435B
:10252000C1F8903008E0FB7CBB7405E0001002406D
:1025300000700040FB7CBB747B7C012B05D1A64B5B
:102540009B6DA54A23F0805393657B681B6803F05D
:102550000103002B0AD0A04BD3F8883023F00302EC
:102560007B685B689C491343C1F888307B681B68B3
:1025700003F00203002B0AD0974BD3F8883023F0E6
:102580000C027B689B6894491343C1F888307B68D0
:102590001B6803F00403002B0AD08F4BD3F888305C
:1025A00023F030027B68DB688B491343C1F8883025
:1025B0007B681B6803F00803002B0AD0864BD3F816
:1025C000883023F0C0027B681B6983491343C1F83C
:1025D00088307B681B6803F02003002B0AD07E4BF9
:1025E000D3F8883023F440627B685B697A491343EF
:1025F000C1F888307B681B6803F04003002B0AD0C9
:10260000754BD3F8883023F440527B689B6972493C
:102610001343C1F888307B681B6803F08003002BEC
:102620000AD06D4BD3F8883023F440427B68DB69D5
:1026300069491343C1F888307B681B6803F48073D1
:10264000002B0AD0644BD3F8883023F440327B68E7
:102650001B6A61491343C1F888307B681B6803F427
:102660000073002B0AD05C4BD3F8883023F440224F
:102670007B685B6A58491343C1F888307B681B68E4
:1026800003F48063002B15D0534BD3F8883023F428
:1026900040127B689B6A50491343C1F888307B68BD
:1026A0009B6AB3F5801F05D14B4BDB684A4A43F464
:1026B0008013D3607B681B6803F40063002B15D084
:1026C000454BD3F8883023F440027B68DB6A4249EB
:1026D0001343C1F888307B68DB6AB3F5800F05D1FE
:1026E0003D4BDB683C4A43F48013D3607B681B6836
:1026F00003F48053002B15D0374BD3F8883023F0E8
:1027000040727B681B6B34491343C1F888307B6887
:102710001B6BB3F1807F05D12F4BDB682E4A43F44E
:102720008013D3607B681B6803F40053002B15D023
:10273000294BD3F8883023F040627B685B6B2649D5
:102740001343C1F888307B685B6BB3F1006F05D130
:10275000214BDB68204A43F48013D3607B681B68FD
:1027600003F48043002B15D01B4BD3F8883023F0A3
:1027700040627B689B6B18491343C1F888307B68C3
:102780009B6BB3F1006F05D1134BDB68124A43F426
:102790008013D3607B681B6803F40043002B15D0C3
:1027A0000D4BD3F8883023F040527B68DB6B0A492D
:1027B0001343C1F888307B68DB6BB3F1805F05D1D0
:1027C000054BDB68044A43F48033D360BB7C184676
:1027D0001837BD4680BD00BF0010024080B485B0F0
:1027E00000AF78607B68002B41D14B4B1B6803F432
:1027F000C063B3F5806F31D1474BD3F88030464A80
:1028000023F48073C2F88030434B1B6823F4C06309
:10281000414A43F400731360404B1B68322202FBB1
:1028200003F33F4AA2FB03239B0C0133FB6002E04E
:10283000FB68013BFB60384B5B6903F48063B3F5D5
:10284000806F02D1FB68002BF2D1334B5B6903F43C
:102850008063B3F5806F58D1032357E02E4BD3F834
:1028600080302D4A23F48073C2F880304DE07B68BD
:10287000B3F5007F41D1284B1B6803F4C063B3F567
:10288000806F31D1244BD3F88030234A43F48073D6
:10289000C2F88030204B1B6823F4C0631E4A43F407
:1028A000007313601D4B1B68322202FB03F31C4AAA
:1028B000A2FB03239B0C0133FB6002E0FB68013B9E
:1028C000FB60154B5B6903F48063B3F5806F02D145
:1028D000FB68002BF2D1104B5B6903F48063B3F506
:1028E000806F12D1032311E00B4BD3F880300A4ADA
:1028F00043F48073C2F8803007E0074B1B6823F471
:10290000C063054A43F480631360002318461437FC
:10291000BD465DF8047B7047007000400800002051
:1029200083DE1B4380B400AF054B9B68044A43F42D
:102930008043936000BFBD465DF8047B704700BFD5
:102940000070004080B485B000AF78607B6803F011
:102950000703FB600C4BDB68BB60BA684FF6FF03F4
:102960001340BB60FB681A02BB68134343F0BF63AC
:1029700043F40033BB60044ABB68D36000BF143724
:10298000BD465DF8047B704700ED00E080B400AF09
:10299000044BDB681B0A03F007031846BD465DF8CD
:1029A000047B704700ED00E080B483B000AF0346C5
:1029B000FB7197F90730002B0BDBFB7903F01F024B
:1029C000074997F907305B09012000FA02F241F844
:1029D000232000BF0C37BD465DF8047B704700BF65
:1029E00000E100E080B483B000AF03463960FB71C2
:1029F00097F90730002B0ADB3B68DAB20C4997F9EC
:102A000007301201D2B20B4483F800230AE03B687E
:102A1000DAB20849FB7903F00F03043B1201D2B28A
:102A20000B441A7600BF0C37BD465DF8047B704737
:102A300000E100E000ED00E080B489B000AFF86094
:102A4000B9607A60FB6803F00703FB61FB69C3F1BF
:102A50000703042B28BF0423BB61FB690433062B47
:102A600002D9FB69033B00E000237B614FF0FF329A
:102A7000BB6902FA03F3DA43BB681A407B699A40E8
:102A80004FF0FF317B6901FA03F3D9437B680B40B8
:102A9000134318462437BD465DF8047B704780B564
:102AA00082B000AF78607868FFF74CFF00BF08374E
:102AB000BD4680BD80B586B000AF0346B9607A6080
:102AC000FB73FFF763FF78617A68B9687869FFF78D
:102AD000B3FF024697F90F3011461846FFF782FF01
:102AE00000BF1837BD4680BD80B582B000AF034639
:102AF000FB7197F907301846FFF756FF00BF0837FC
:102B0000BD4680BD80B400AF064BD3F88830054A7F
:102B100043F47003C2F8883000BFBD465DF8047B03
:102B2000704700BF00ED00E080B487B000AF786070
:102B3000396000237B6164E13B681A6801217B698D
:102B400001FA03F31340FB60FB68002B00F0568191
:102B50003B685B6803F00303012B05D03B685B68AF
:102B600003F00303022B30D17B689B683B617B69D8
:102B70005B00032202FA03F3DB433A6913403B6133
:102B80003B68DA687B695B0002FA03F33A69134336
:102B90003B617B683A699A607B685B683B610122B4
:102BA0007B6902FA03F3DB433A6913403B613B68FC
:102BB0005B681B0903F001027B6902FA03F33A69BF
:102BC00013433B617B683A695A603B685B6803F07A
:102BD0000303032B09D13B685B6803F00303032B5A
:102BE0001BD13B689B68012B17D07B68DB683B617E
:102BF0007B695B00032202FA03F3DB433A6913406B
:102C00003B613B689A687B695B0002FA03F33A69AF
:102C100013433B617B683A69DA603B685B6803F0A9
:102C20000303022B23D17B69DA087B68083253F84F
:102C300022303B617B6903F007039B000F2202FAFD
:102C400003F3DB433A6913403B613B681A697B69D4
:102C500003F007039B0002FA03F33A6913433B6155
:102C60007B69DA087B680832396943F822107B688F
:102C70001B683B617B695B00032202FA03F3DB43C1
:102C80003A6913403B613B685B6803F003027B6970
:102C90005B0002FA03F33A6913433B617B683A69CC
:102CA0001A603B685B6803F44033002B00F0A68099
:102CB0005B4B1B6E5A4A43F001031366584B1B6E65
:102CC00003F00103BB60BB68564A7B699B08023373
:102CD00052F823303B617B6903F003039B000F2212
:102CE00002FA03F3DB433A6913403B617B68B3F1BB
:102CF000904F1FD07B684C4A934219D07B684B4A57
:102D0000934213D07B684A4A93420DD07B68494A6C
:102D1000934207D07B68484A934201D105230AE0D9
:102D2000062308E0042306E0032304E0022302E074
:102D3000012300E000237A6902F00302920093402D
:102D40003A6913433B6137497B699B0802333A690F
:102D500041F82320394B9B683B61FB68DB433A69B0
:102D600013403B613B685B6803F48013002B03D086
:102D70003A69FB6813433B61304A3B6993602F4BD0
:102D8000DB683B61FB68DB433A6913403B613B68AE
:102D90005B6803F40013002B03D03A69FB6813430C
:102DA0003B61264A3B69D360244B5B683B61FB680F
:102DB000DB433A6913403B613B685B6803F40033D3
:102DC000002B03D03A69FB6813433B611B4A3B6904
:102DD00053601A4B1B683B61FB68DB433A69134045
:102DE0003B613B685B6803F48033002B03D03A6996
:102DF000FB6813433B61114A3B6913607B690133F4
:102E00007B613B681A687B6922FA03F3002B7FF42D
:102E100093AE00BF00BF1C37BD465DF8047B704712
:102E20000010024000000140000400480008004873
:102E3000000C004800100048001400480004014045
:102E400080B483B000AF78600B467B8013467B7004
:102E50007B78002B03D07A887B689A6102E07A88BD
:102E60007B689A6200BF0C37BD465DF8047B7047F3
:102E700080B584B000AF78607B68002B01D101235E
:102E80008EE07B681B681A46474B9A420FD87B68D6
:102E90001B681A46454B1344454AA2FB03231B09F2
:102EA0009A007B685A647B68424A1A640EE07B6829
:102EB0001B681A46404B13443D4AA2FB03231B09DF
:102EC0009A007B685A647B683C4A1A647B680222D9
:102ED00083F825207B681B681B68FB60FB6823F474
:102EE000FF4323F07003FB607B689A687B68DB68B4
:102EF0001A437B681B691A437B685B691A437B68CA
:102F00009B691A437B68DB691A437B681B6A13431E
:102F1000FA681343FB607B681B68FA681A6078687C
:102F200000F0FEF87B689B68B3F5804F02D17B68A8
:102F300000225A607B685A687B689B6C02F07F02B3
:102F40001A607B68DB6C7A68126D5A607B685B681C
:102F5000002B10D07B685B68042B0CD8786800F0DD
:102F600027F97B685B6D00221A607B689B6D7A682D
:102F7000D26D5A6008E07B6800225A657B680022A7
:102F80009A657B680022DA657B680022DA637B68D9
:102F9000012283F825207B68002283F82420002367
:102FA00018461037BD4680BD07040240F8FFFDBF3C
:102FB000CDCCCCCC00000240F8FBFDBF00040240A9
:102FC00080B584B000AF78607B681B6C1B68FB60C9
:102FD0007B681B681B68BB607B685B6C03F01F032E
:102FE00004229A40FB681340002B26D0BB6803F0F4
:102FF0000403002B21D07B681B681B6803F02003AF
:10300000002B07D17B681B681A687B681B6822F05D
:1030100004021A607B685B6C03F01F027B681B6C08
:10302000042101FA02F25A607B681B6B002B71D0FD
:103030007B681B6B786898476CE07B685B6C03F07F
:103040001F0302229A40FB681340002B2ED0BB685E
:1030500003F00203002B29D07B681B681B6803F078
:103060002003002B0BD17B681B681A687B681B68E8
:1030700022F00A021A607B68012283F825207B680F
:103080005B6C03F01F027B681B6C022101FA02F2E9
:103090005A607B68002283F824207B68DB6A002B5F
:1030A00038D07B68DB6A7868984733E07B685B6C74
:1030B00003F01F0308229A40FB681340002B2AD01C
:1030C000BB6803F00803002B25D07B681B681A68D7
:1030D0007B681B6822F00E021A607B685B6C03F051
:1030E0001F027B681B6C012101FA02F25A607B68A7
:1030F0000122DA637B68012283F825207B680022A5
:1031000083F824207B685B6B002B04D07B685B6BAF
:103110007868984700BF00BF1037BD4680BD0000EB
:1031200080B487B000AF78607B681B681A461B4B81
:103130009A420BD81A4B3B617B681B68DBB2083B99
:10314000184AA2FB03231B097B610BE0164B3B6172
:103150007B681B68DBB2083B124AA2FB03231B09F6
:1031600006337B613B69FB607B685B6C9B089A0064
:10317000FB6813441A467B689A647B680B4ADA64DE
:103180007B6903F01F0301229A407B681A6500BF28
:103190001C37BD465DF8047B704700BF0704024042
:1031A00000080240CDCCCCCC200802408008024070
:1031B00080B485B000AF78607B685B6803F07F0304
:1031C000FB60FA680B4B13449B001A467B685A65F8
:1031D0007B68094A9A65FB68013B03F01F030122E3
:1031E0009A407B68DA6500BF1437BD465DF8047B02
:1031F000704700BF3F8200104009024080B483B096
:1032000000AF786039607B689B6823F47C123B6870
:103210001A437B689A6000BF0C37BD465DF8047B9B
:10322000704780B483B000AF786039607B689B687A
:1032300023F0E0723B681A437B689A6000BF0C374A
:10324000BD465DF8047B704780B483B000AF786002
:103250007B689B6803F0E07318460C37BD465DF849
:10326000047B704780B487B000AFF860B9607A60C3
:103270003B60FB6860331A46BB689B0013447B616C
:103280007B691A68084B13407A6802F0F8413A6883
:103290000A43134343F000427B691A6000BF1C37A6
:1032A000BD465DF8047B704700F0FF0380B485B035
:1032B00000AF786039607B6860331A463B689B00DA
:1032C0001344FB60FB681B6803F0F843184614378F
:1032D000BD465DF8047B704780B487B000AFF860EE
:1032E000B9607A60FB6860331A46BB689B00134480
:1032F0007B617B691B6823F000427B681A437B6912
:103300001A6000BF1C37BD465DF8047B704780B46F
:1033100087B000AFF860B9607A60FB6860331A4626
:10332000BB689B0013447B617B691B6823F0807240
:103330007B681A437B691A6000BF1C37BD465DF885
:10334000047B704780B487B000AFF860B9607A60E2
:10335000FB6860331A46BB689B0013447B617B6942
:103360001B6823F000727B681A437B691A6000BFF8
:103370001C37BD465DF8047B704780B483B000AF56
:10338000786039607B685B6923F000423B681A43D0
:103390007B685A6100BF0C37BD465DF8047B7047FF
:1033A00080B483B000AF78607B68DB6803F440636F
:1033B000002B01D1012300E0002318460C37BD4645
:1033C0005DF8047B704780B487B000AFF860B960E7
:1033D0007A60FB6830331A46BB681B0A9B0003F017
:1033E0000C0313447B617B691A68BB6803F01F03FD
:1033F0001F2101FA03F3DB431A407B689B0E03F0A5
:103400001F01BB6803F01F0301FA03F31A437B6932
:103410001A6000BF1C37BD465DF8047B704780B45E
:1034200083B000AF78607B68DB6C03F4C073002B63
:1034300001D1012300E0002318460C37BD465DF89A
:10344000047B704780B487B000AFF860B9607A60E1
:10345000FB6814331A46BB685B0E9B0003F0040341
:1034600013447B617B691A68BB681B0D03F01F0363
:10347000072101FA03F3DB431A40BB681B0D03F07D
:103480001F03796801FA03F31A437B691A6000BFCE
:103490001C37BD465DF8047B7047000080B485B0E2
:1034A00000AFF860B9607A60FB68D3F8B020BB6801
:1034B000C3F31203DB431A407B6803F01803084987
:1034C000D940BB680B40C3F312031A43FB68C3F82F
:1034D000B02000BF1437BD465DF8047B704700BFC5
:1034E000FFFF070080B483B000AF78607B689B6803
:1034F00003F01F0318460C37BD465DF8047B704788
:1035000080B483B000AF78607B689B6803F460434D
:1035100018460C37BD465DF8047B704780B483B015
:1035200000AF78607B689B6823F0204323F03F0363
:103530007A68936000BF0C37BD465DF8047B704726
:1035400080B483B000AF78607B689B6803F0005361
:10355000B3F1005F01D1012300E0002318460C37CE
:10356000BD465DF8047B704780B483B000AF7860DF
:103570007B689B6823F0104323F03F0343F08052A5
:103580007B689A6000BF0C37BD465DF8047B7047CE
:1035900080B483B000AF78607B689B6803F0805391
:1035A000B3F1805F01D1012300E0002318460C37FE
:1035B000BD465DF8047B704780B483B000AF78608F
:1035C0007B689B6803F00103012B01D1012300E01C
:1035D000002318460C37BD465DF8047B704780B465
:1035E00083B000AF78607B689B6803F00403042B12
:1035F00001D1012300E0002318460C37BD465DF8D9
:10360000047B704780B483B000AF78607B689B68B0
:1036100003F00803082B01D1012300E00023184622
:103620000C37BD465DF8047B7047000090B589B04B
:1036300000AF78600023FB770023FB607B68002BE2
:1036400001D1012367E17B685B69002B7B68DB6D3F
:10365000002B09D17868FDF729F97B6800221A66EA
:103660007B68002283F858207B681B681846FFF7A8
:1036700067FF0346002B04D07B681B681846FFF7E2
:103680004DFF7B681B681846FFF782FF0346002B3F
:1036900015D17B681B681846FFF766FFA04B1B68B7
:1036A0009B09A04AA2FB03239B0901335B00FB603B
:1036B00002E0FB68013BFB60FB68002BF9D17B68F3
:1036C0001B681846FFF764FF0346002B0DD17B688B
:1036D000DB6D43F010027B68DA657B681B6E43F09C
:1036E00001027B681A660123FB777B681B6818461A
:1036F000FFF775FF78617B68DB6D03F01003002B2B
:1037000040F000817B69002B40F0FC807B68DB6D22
:1037100023F4817343F002027B68DA657B681B68DF
:103720001846FFF749FF0346002B11D14FF0A04088
:10373000FFF742FF04467C48FFF73EFF0346234362
:10374000002B05D17B685B6819467848FFF756FD6A
:103750007B685B7F5A037B68DB6B1A437B68DB68A3
:103760001A437B689B681A437B6893F824301B04D8
:103770001343BB617B6893F82430012B06D17B682F
:103780009B6A013B5B04BA691343BB617B68DB6ADC
:10379000002B09D07B68DB6A03F478727B681B6BB3
:1037A0001343BA691343BB617B681B68DA68604BDB
:1037B00013407A681268B9690B43D3607B681B6851
:1037C0001B6923F040617B685A6B7B681B680A4366
:1037D0001A617B681B681846FFF714FF38617B6924
:1037E000002B6DD13B69002B6AD17B681B7F9A034C
:1037F0007B6893F838305B001343BB617B681B68C0
:10380000DB6823F4804323F002037A681268B96905
:103810000B43D3607B681B69002B17D07B681B6848
:103820001A697B681B6842F480321A617B681B68E6
:10383000D3F8C03023F47F5323F03F037A68116933
:103840007A6812680B43C2F8C03013E07B681B68CB
:103850001A697B681B6822F480321A617B681B68D6
:10386000D3F8C0307A68126823F47F5323F03F0303
:10387000C2F8C0307B6893F84030012B18D17B68C8
:103880001B681B6923F4FF6323F004037A68516CFF
:103890007A68926C11437A68D26C11437A68126D1F
:1038A0000A431A437B681B6842F001021A6107E071
:1038B0007B681B681A697B681B6822F001021A6129
:1038C0007B685B69012B0CD17B681B681B6B23F049
:1038D0000F017B681B6A5A1E7B681B680A431A63C8
:1038E00007E07B681B681A6B7B681B6822F00F027D
:1038F0001A637B68DB6D23F0030343F001027B68EE
:10390000DA6507E07B68DB6D43F010027B68DA65FF
:103910000123FB77FB7F18462437BD4690BD00BFCF
:1039200008000020632D3E050001005000030050F8
:103930000740F0FF80B58AB000AF786000237B625B
:103940007B681B681B68FB617B681B685B68BB61ED
:103950008348FFF7C7FD7861FB6903F00203002B82
:1039600017D0BB6903F00203002B12D07B68DB6D1C
:1039700003F01003002B05D17B68DB6D43F400627C
:103980007B68DA65786800F06EFF7B681B6802224E
:103990001A60FB6903F00403002B04D0BB6903F039
:1039A0000403002B0AD1FB6903F00803002B00F08D
:1039B0008580BB6903F00803002B7FD07B68DB6D3B
:1039C00003F01003002B05D17B68DB6D43F400721C
:1039D0007B68DA657B681B681846FFF7E1FC0346E5
:1039E000002B64D07B681B685E4A934202D07B68E0
:1039F0001B6801E04FF0A0437A681268934208D038
:103A00007B69002B05D07B69052B02D07B69092BD4
:103A100004D17B681B68DB683B620DE07B681B6838
:103A2000504A934202D07B681B6801E04FF0A043EC
:103A30003B613B69DB683B623B6A03F40053002B4C
:103A400035D17B681B681B6803F00803082B2ED157
:103A50007B681B681846FFF7C2FD0346002B1AD18E
:103A60007B681B685A687B681B6822F00C025A60EE
:103A70007B68DB6D23F480727B68DA657B68DB6DC5
:103A800003F48053002B12D17B68DB6D43F00102FD
:103A90007B68DA650BE07B68DB6D43F010027B68C6
:103AA000DA657B681B6E43F001027B681A667868F2
:103AB00000F05AF97B681B680C221A60FB6903F05E
:103AC0002003002B04D0BB6903F02003002B0BD193
:103AD000FB6903F04003002B00F09E80BB6903F0FC
:103AE0004003002B00F098807B68DB6D03F010032F
:103AF000002B05D17B68DB6D43F400527B68DA65EF
:103B00007B681B681846FFF78AFCF8607B681B68B7
:103B10001846FFF745FCB8607B681B68114A934262
:103B200002D07B681B6801E04FF0A0437A681268FE
:103B3000934208D07B69002B05D07B69062B02D00D
:103B40007B69072B04D17B681B68DB683B6211E053
:103B50007B681B68034A934206D07B681B6805E0BC
:103B600000030050000100504FF0A0433B613B694F
:103B7000DB683B62FB68002B47D03B6A03F00073B5
:103B8000002B07D0BB68002B3FD03B6A03F40053E7
:103B9000002B3AD17B681B681B6803F04003402B65
:103BA00033D13B6A03F40013002B2ED17B681B68D2
:103BB0001846FFF727FD0346002B1AD17B681B68C8
:103BC0005A687B681B6822F060025A607B68DB6D74
:103BD00023F480527B68DA657B68DB6D03F48073C5
:103BE000002B12D17B68DB6D43F001027B68DA6544
:103BF0000BE07B68DB6D43F010027B68DA657B6865
:103C00001B6E43F001027B681A66786800F003FEC1
:103C10007B681B6860221A60FB6903F08003002B3D
:103C200011D0BB6903F08003002B0CD07B68DB6DE7
:103C300043F480327B68DA65786800F09FF87B682F
:103C40001B6880221A60FB6903F48073002B12D07A
:103C5000BB6903F48073002B0DD07B68DB6D43F4EC
:103C600000327B68DA65786800F0E9FD7B681B68E4
:103C70004FF480721A60FB6903F40073002B12D0BA
:103C8000BB6903F40073002B0DD07B68DB6D43F43C
:103C900080227B68DA65786800F0DBFD7B681B6852
:103CA0004FF400721A60FB6903F01003002B36D04A
:103CB000BB6903F01003002B31D07B68DB6B002B5A
:103CC00002D101237B6214E07B69002B08D02548D8
:103CD000FFF716FC0346002B0BD001237B6208E0A4
:103CE0007B681B68DB6803F00103002B01D0012314
:103CF0007B627B6A012B0ED17B68DB6D43F48062B3
:103D00007B68DA657B681B6E43F002027B681A668B
:103D1000786800F03DF87B681B6810221A60FB6928
:103D200003F48063002B18D0BB6903F48063002B7D
:103D300013D07B68DB6D43F480427B68DA657B6877
:103D40001B6E43F008027B681A667B681B684FF4A1
:103D500080621A60786800F068FD00BF2837BD46B1
:103D600080BD00BF0003005080B483B000AF786016
:103D700000BF0C37BD465DF8047B704780B483B04C
:103D800000AF786000BF0C37BD465DF8047B70471C
:103D900080B483B000AF786000BF0C37BD465DF8DB
:103DA000047B704780B5B6B000AF786039600023FF
:103DB00087F8D7300023FB607B6893F85830012BDD
:103DC00001D10223C8E37B68012283F858207B6875
:103DD0001B681846FFF703FC0346002B40F0AD8339
:103DE0007B6818683B6859683B681B681A46FFF790
:103DF000EAFA7B681B681846FFF7F1FBC7F8D000AA
:103E00007B681B681846FFF7FDFBC7F8CC00D7F8A6
:103E1000D030002B40F0D981D7F8CC30002B40F0C7
:103E2000D4813B689B68B3F1004F0FD17B68186861
:103E30003B681B6800221946FFF704FB7B681B6880
:103E40004FF000411846FFF798FA0EE07B681868BB
:103E50003B6819683B689B681A46FFF7F3FA7B6872
:103E60001B6800211846FFF788FA3B685A697B688F
:103E70001B68DB68DB0803F003035B0002FA03F353
:103E8000C7F8C8303B681B69042B22D07B681868D0
:103E90003B6819693B681A68D7F8C830FFF7E2F940
:103EA0007B6818683B6819693B689B691A46FFF78D
:103EB0002EFA7B6818683B6819693B681B7F012BE9
:103EC00002D14FF0007300E000231A46FFF73AFAE0
:103ED0007BE17B681B6800211846FFF7E7F9034682
:103EE000C3F31203002B0AD17B681B68002118461C
:103EF000FFF7DCF903469B0E03F01F021EE07B6810
:103F00001B6800211846FFF7D1F90346C7F8BC30FB
:103F1000D7F8BC3093FAA3F3C7F8B830D7F8B83065
:103F2000C7F8C030D7F8C030002B01D1202304E0FF
:103F3000D7F8C030B3FA83F3DBB21A463B681B688C
:103F4000C3F31203002B05D13B681B689B0E03F0E3
:103F50001F0318E03B681B68C7F8B030D7F8B030D3
:103F600093FAA3F3C7F8AC30D7F8AC30C7F8B43045
:103F7000D7F8B430002B01D1202304E0D7F8B430B7
:103F8000B3FA83F3DBB29A4206D17B681B68002246
:103F900000211846FFF7A0F97B681B68012118462D
:103FA000FFF784F90346C3F31203002B0AD17B68A1
:103FB0001B6801211846FFF779F903469B0E03F0B1
:103FC0001F021EE07B681B6801211846FFF76EF98F
:103FD0000346C7F8A430D7F8A43093FAA3F3C7F880
:103FE000A030D7F8A030C7F8A830D7F8A830002BF9
:103FF00001D1202304E0D7F8A830B3FA83F3DBB271
:104000001A463B681B68C3F31203002B05D13B68BB
:104010001B689B0E03F01F0318E03B681B68C7F882
:104020009830D7F8983093FAA3F3C7F89430D7F8BC
:104030009430C7F89C30D7F89C30002B01D1202356
:1040400004E0D7F89C30B3FA83F3DBB29A4206D18E
:104050007B681B68002201211846FFF73DF97B6849
:104060001B6802211846FFF721F90346C3F3120328
:10407000002B0AD17B681B6802211846FFF716F94E
:1040800003469B0E03F01F021EE07B681B680221A3
:104090001846FFF70BF90346C7F88C30D7F88C3079
:1040A00093FAA3F3C7F88830D7F88830C7F8903070
:1040B000D7F89030002B01D1202304E0D7F89030BE
:1040C000B3FA83F3DBB21A463B681B68C3F31203EF
:1040D000002B05D13B681B689B0E03F01F0316E005
:1040E0003B681B68C7F88030D7F8803093FAA3F399
:1040F000FB67FB6FC7F88430D7F88430002B01D101
:10410000202304E0D7F88430B3FA83F3DBB29A4279
:1041100006D17B681B68002202211846FFF7DCF8F5
:104120007B681B6803211846FFF7C0F80346C3F3FA
:104130001203002B0AD17B681B6803211846FFF786
:10414000B5F803469B0E03F01F0217E07B681B685F
:1041500003211846FFF7AAF803467B677B6F93FAA3
:10416000A3F33B673B6FBB67BB6F002B01D12023E1
:1041700003E0BB6FB3FA83F3DBB21A463B681B68FC
:10418000C3F31203002B05D13B681B689B0E03F0A1
:104190001F0311E03B681B68BB66BB6E93FAA3F379
:1041A0007B667B6EFB66FB6E002B01D1202303E058
:1041B000FB6EB3FA83F3DBB29A4206D17B681B68CD
:1041C000002203211846FFF787F87B681B68184612
:1041D000FFF7F2F90346002B40F040817B68186836
:1041E0003B6819683B68DB681A46FFF757F93B687C
:1041F000DB688F4A934240F031817B6818683B68E6
:104200001B68C3F31203002B0BD13B681B689B0E8A
:10421000013303F01F03092B94BF01230023DBB2FA
:1042200019E03B681B68FB65FB6D93FAA3F3BB6564
:10423000BB6D3B663B6E002B01D1202303E03B6E40
:10424000B3FA83F3DBB2013303F01F03092B94BFEE
:1042500001230023DBB2002B79D03B681B68C3F33A
:104260001203002B07D13B681B689B0E01339B0692
:1042700003F0F84215E03B681B683B653B6D93FA21
:10428000A3F3FB64FB6C7B657B6D002B01D12023CA
:1042900003E07B6DB3FA83F3DBB201339B0603F0DB
:1042A000F8423B681B68C3F31203002B09D13B683B
:1042B0001B689B0E013303F01F03012101FA03F376
:1042C00017E03B681B687B647B6C93FAA3F33B6449
:1042D0003B6CBB64BB6C002B01D1202303E0BB6CA7
:1042E000B3FA83F3DBB2013303F01F03012101FAB8
:1042F00003F342EA03013B681B68C3F31203002B7C
:104300000AD13B681B689B0E013303F01F02134662
:104310005B0013441B0518E03B681B68BB63BB6B69
:1043200093FAA3F37B637B6BFB63FB6B002B01D1E5
:10433000202303E0FB6BB3FA83F3DBB2013303F01A
:104340001F0213465B0013441B050B4381E03B68CF
:104350001B68C3F31203002B07D13B681B689B0E3D
:1043600001339B0603F0F84215E03B681B68FB62D3
:10437000FB6A93FAA3F3BB62BB6A3B633B6B002B04
:1043800001D1202303E03B6BB3FA83F3DBB20133AB
:104390009B0603F0F8423B681B68C3F31203002B33
:1043A00009D13B681B689B0E013303F01F030121F9
:1043B00001FA03F317E03B681B683B623B6A93FA20
:1043C000A3F3FB61FB697B627B6A002B01D1202395
:1043D00003E07B6AB3FA83F3DBB2013303F01F031C
:1043E000012101FA03F342EA03013B681B68C3F3AE
:1043F0001203002B0DD13B681B689B0E013303F0A9
:104400001F0213465B0013441E3B1B0543F0007361
:104410001EE03B681B687B617B6993FAA3F33B61F9
:104420003B69BB61BB69002B04D1202306E000BFC0
:1044300000007F40BB69B3FA83F3DBB2013303F0C2
:104440001F0213465B0013441E3B1B0543F0007321
:104450000B433A6892681946FEF7F4FF3B681A6806
:104460003F4B1340002B71D03E48FEF7EDFEC7F8DE
:10447000C4003B681B683C4A934204D03B681B68FD
:104480003A4A934227D1D7F8C43003F40003002BF3
:1044900021D17B681B68B3F1A04F57D1D7F8C43046
:1044A00043F4000319462F48FEF7BBFE304B1B6850
:1044B0009B09304AA2FB03239B095A1C13465B004D
:1044C00013449B00FB6002E0FB68013BFB60FB6860
:1044D000002BF9D13AE03B681B68274A934213D17D
:1044E000D7F8C43003F08073002B0DD17B681B68B4
:1044F000224A93422AD0D7F8C43043F08073194639
:104500001848FEF78EFE21E03B681B681C4A934268
:104510001CD1D7F8C43003F48003002B16D17B687C
:104520001B68164A934211D0D7F8C43043F4800375
:1045300019460C48FEF775FE08E07B68DB6D43F01A
:1045400020027B68DA65012387F8D7307B68002278
:1045500083F8582097F8D7301846D837BD4680BD25
:104560000000088000030050000021C31000C0902C
:1045700008000020632D3E05000052C700010050D6
:10458000000084CB80B483B000AF786039607B6872
:104590009B6823F0E0723B681A437B689A6000BF17
:1045A0000C37BD465DF8047B704780B483B000AF24
:1045B00078607B689B6803F0E07318460C37BD4653
:1045C0005DF8047B7047000080B487B000AFF860EE
:1045D000B9607A603B60FB6860331A46BB689B0039
:1045E00013447B617B691A68084B13407A6802F0B8
:1045F000F8413A680A43134343F000427B691A606A
:1046000000BF1C37BD465DF8047B704700F0FF0318
:1046100080B485B000AF786039607B6860331A463B
:104620003B689B001344FB60FB681B6803F0F84386
:1046300018461437BD465DF8047B704780B487B0D8
:1046400000AFF860B9607A60FB6860331A46BB68F7
:104650009B0013447B617B691B6823F000427B68ED
:104660001A437B691A6000BF1C37BD465DF8047BA6
:10467000704780B487B000AFF860B9607A60FB68BB
:1046800060331A46BB689B0013447B617B691B68DF
:1046900023F080727B681A437B691A6000BF1C3765
:1046A000BD465DF8047B704780B487B000AFF8600A
:1046B000B9607A60FB6860331A46BB689B0013449C
:1046C0007B617B691B6823F000727B681A437B69FE
:1046D0001A6000BF1C37BD465DF8047B704780B48C
:1046E00083B000AF786039607B685B6923F000427B
:1046F0003B681A437B685A6100BF0C37BD465DF8C2
:10470000047B704780B487B000AFF860B9607A600E
:10471000FB6814331A46BB685B0E9B0003F004036E
:1047200013447B617B691A68BB681B0D03F01F0390
:10473000072101FA03F3DB431A40BB681B0D03F0AA
:104740001F03796801FA03F31A437B691A6000BFFB
:104750001C37BD465DF8047B7047000080B485B00F
:1047600000AFF860B9607A60FB68D3F8B020BB682E
:10477000C3F31203DB431A407B6803F018030849B4
:10478000D940BB680B40C3F312031A43FB68C3F85C
:10479000B02000BF1437BD465DF8047B704700BFF2
:1047A000FFFF070080B483B000AF78607B689B6830
:1047B00003F00103012B01D1012300E0002318467F
:1047C0000C37BD465DF8047B704780B483B000AF02
:1047D00078607B689B6803F00403042B01D10123FC
:1047E00000E0002318460C37BD465DF8047B704797
:1047F00080B483B000AF78607B689B6803F00803E7
:10480000082B01D1012300E0002318460C37BD46D8
:104810005DF8047B704780B483B000AF786000BF60
:104820000C37BD465DF8047B704780B483B000AFA1
:10483000786000BF0C37BD465DF8047B704780B4DC
:1048400083B000AF786000BF0C37BD465DF8047BD5
:10485000704780B483B000AF786000BF0C37BD46AE
:104860005DF8047B704780B483B000AF786000BF10
:104870000C37BD465DF8047B7047000080B5B6B0CC
:1048800000AF78603960002387F8D7300023BB6021
:104890000023C7F8D0307B6893F85830012B02D141
:1048A000022300F0B5BC7B68012283F858207B68A6
:1048B0005B69002B03D03B681B6A012B30D13B683E
:1048C0005B68092B79D13B689B6A002B10D03B6851
:1048D0001B689B0E5B0203F478523B689B6A03F0F3
:1048E0007C031A433B68DB6A1343C7F8D03007E008
:1048F0003B681B689B0E5B0203F47853C7F8D0300B
:104900007B681B68DA6C844B13407A681268D7F8AE
:10491000D0100B43D3647B68D7F8D0205A664CE0A4
:104920007B689B6E002B1DD13B681A6A7B689A6678
:104930007B6800225A663B689B6A002B0DD03B685F
:104940001B6A5A1E3B689B6A03F07C031A433B6850
:10495000DB6A1343C7F8D03004E03B681B6A013BB5
:10496000C7F8D0303B681B689B0E03F01F023B6802
:104970005B6803F01F0302FA03F3D7F8D020134358
:10498000C7F8D0307B689B6E5A1E7B689A667B683E
:104990005A6ED7F8D0301A437B685A667B689B6E94
:1049A000002B0AD17B681B68DA6C5B4B13407A687A
:1049B000516E7A6812680B43D3647B681B68184693
:1049C000FFF716FF0346002B24D13B6893F82530F0
:1049D000002B12D17B681B68DB6823F440113B6815
:1049E00093F826305A053B6893F824301B051A4388
:1049F0007B681B680A43DA600CE07B681B68DB6835
:104A000023F440113B6893F826305A057B681B68F5
:104A10000A43DA607B681B681846FFF7D6FEC7F8C2
:104A2000CC007B681B681846FFF7E2FEC7F8C80099
:104A3000D7F8CC30002B40F02E82D7F8C830002BAE
:104A400040F029823B689B6A002B03D03B68DB6AFD
:104A5000002B16D13B6893F82530012B08D17B68D9
:104A60001B68DA687B681B6842F00072DA601FE03E
:104A70007B681B68DA687B681B6822F00072DA606A
:104A800016E03B6893F82530012B09D17B68DB6D7C
:104A900043F020027B68DA65012387F8D73007E00E
:104AA0007B681B68DA687B681B6822F00072DA603A
:104AB0003B6893F83030012B10D17B681B681B6971
:104AC00023F4FF723B68596B3B689B6B0B431A43A3
:104AD0007B681B6842F002021A6107E07B681B6872
:104AE0001A697B681B6822F002021A613B689B68A6
:104AF000B3F1004F12D17B6818683B681B68002235
:104B00001946FFF7FFFD7B681B684FF00041184610
:104B1000FFF7E5FD11E000BF004010047B68186856
:104B20003B6819683B689B681A46FFF7EBFD7B689A
:104B30001B6800211846FFF7D2FD3B685A697B6865
:104B40001B68DB68DB0803F003035B0002FA03F376
:104B5000C7F8C4303B681B69042B22D07B681868F7
:104B60003B6819693B681A68D7F8C430FFF72CFD19
:104B70007B6818683B6819693B689B691A46FFF7B0
:104B800078FD7B6818683B6819693B681B7F012BBF
:104B900002D14FF0007300E000231A46FFF784FDB6
:104BA00079E17B681B6800211846FFF731FD034659
:104BB000C3F31203002B0AD17B681B68002118463F
:104BC000FFF726FD03469B0E03F01F021EE07B68E5
:104BD0001B6800211846FFF71BFD0346C7F8B830D5
:104BE000D7F8B83093FAA3F3C7F8B430D7F8B43095
:104BF000C7F8BC30D7F8BC30002B01D1202304E02B
:104C0000D7F8BC30B3FA83F3DBB21A463B681B68B3
:104C1000C3F31203002B05D13B681B689B0E03F006
:104C20001F0318E03B681B68C7F8AC30D7F8AC30FE
:104C300093FAA3F3C7F8A830D7F8A830C7F8B03074
:104C4000D7F8B030002B01D1202304E0D7F8B030E2
:104C5000B3FA83F3DBB29A4206D17B681B68002269
:104C600000211846FFF7EAFC7B681B680121184603
:104C7000FFF7CEFC0346C3F31203002B0AD17B6877
:104C80001B6801211846FFF7C3FC03469B0E03F087
:104C90001F021EE07B681B6801211846FFF7B8FC65
:104CA0000346C7F8A030D7F8A03093FAA3F3C7F8AB
:104CB0009C30D7F89C30C7F8A430D7F8A430002B2C
:104CC00001D1202304E0D7F8A430B3FA83F3DBB298
:104CD0001A463B681B68C3F31203002B05D13B68DF
:104CE0001B689B0E03F01F0318E03B681B68C7F8A6
:104CF0009430D7F8943093FAA3F3C7F89030D7F8EC
:104D00009030C7F89830D7F89830002B01D1202385
:104D100004E0D7F89830B3FA83F3DBB29A4206D1B5
:104D20007B681B68002201211846FFF787FC7B681F
:104D30001B6802211846FFF76BFC0346C3F31203FE
:104D4000002B0AD17B681B6802211846FFF760FC24
:104D500003469B0E03F01F021EE07B681B680221C6
:104D60001846FFF755FC0346C7F88830D7F8883057
:104D700093FAA3F3C7F88430D7F88430C7F88C309F
:104D8000D7F88C30002B01D1202304E0D7F88C30E9
:104D9000B3FA83F3DBB21A463B681B68C3F3120312
:104DA000002B05D13B681B689B0E03F01F0314E02A
:104DB0003B681B68FB67FB6F93FAA3F3BB67BB6F92
:104DC000C7F88030D7F88030002B01D1202304E0D1
:104DD000D7F88030B3FA83F3DBB29A4206D17B680E
:104DE0001B68002202211846FFF728FC7B681B681D
:104DF00003211846FFF70CFC0346C3F31203002BF4
:104E00000AD17B681B6803211846FFF701FC0346A3
:104E10009B0E03F01F0217E07B681B6803211846F6
:104E2000FFF7F6FB03463B673B6F93FAA3F3FB6682
:104E3000FB6E7B677B6F002B01D1202303E07B6F30
:104E4000B3FA83F3DBB21A463B681B68C3F3120361
:104E5000002B05D13B681B689B0E03F01F0311E07C
:104E60003B681B687B667B6E93FAA3F33B663B6EE5
:104E7000BB66BB6E002B01D1202303E0BB6EB3FAEF
:104E800083F3DBB29A4206D17B681B6800220321C0
:104E90001846FFF7D3FB7B681B681846FFF782FCB8
:104EA0000346002B40F040817B6818683B68196816
:104EB0003B68DB681A46FFF751FC3B68DB688F4AAA
:104EC000934240F031817B6818683B681B68C3F3EC
:104ED0001203002B0BD13B681B689B0E013303F0C0
:104EE0001F03092B94BF01230023DBB219E03B68A9
:104EF0001B68BB65BB6D93FAA3F37B657B6DFB659C
:104F0000FB6D002B01D1202303E0FB6DB3FA83F38B
:104F1000DBB2013303F01F03092B94BF01230023ED
:104F2000DBB2002B79D03B681B68C3F31203002B64
:104F300007D13B681B689B0E01339B0603F0F842C8
:104F400015E03B681B68FB64FB6C93FAA3F3BB643E
:104F5000BB6C3B653B6D002B01D1202303E03B6D17
:104F6000B3FA83F3DBB201339B0603F0F8423B68EC
:104F70001B68C3F31203002B09D13B681B689B0E0F
:104F8000013303F01F03012101FA03F317E03B682B
:104F90001B683B643B6C93FAA3F3FB63FB6B7B6482
:104FA0007B6C002B01D1202303E07B6CB3FA83F3ED
:104FB000DBB2013303F01F03012101FA03F342EADC
:104FC00003013B681B68C3F31203002B0AD13B6843
:104FD0001B689B0E013303F01F0213465B00134452
:104FE0001B0518E03B681B687B637B6B93FAA3F39C
:104FF0003B633B6BBB63BB6B002B01D1202303E006
:10500000BB6BB3FA83F3DBB2013303F01F02134629
:105010005B0013441B050B4381E03B681B68C3F333
:105020001203002B07D13B681B689B0E01339B06C4
:1050300003F0F84215E03B681B68BB62BB6A93FA59
:10504000A3F37B627B6AFB62FB6A002B01D1202306
:1050500003E0FB6AB3FA83F3DBB201339B0603F090
:10506000F8423B681B68C3F31203002B09D13B686D
:105070001B689B0E013303F01F03012101FA03F3A8
:1050800017E03B681B68FB61FB6993FAA3F3BB6104
:10509000BB693B623B6A002B01D1202303E03B6AE2
:1050A000B3FA83F3DBB2013303F01F03012101FAEA
:1050B00003F342EA03013B681B68C3F31203002BAE
:1050C0000DD13B681B689B0E013303F01F02134692
:1050D0005B0013441E3B1B0543F000731EE03B685E
:1050E0001B683B613B6993FAA3F3FB60FB687B6140
:1050F0007B69002B04D1202306E000BF00007F4025
:105100007B69B3FA83F3DBB2013303F01F0213466A
:105110005B0013441E3B1B0543F000730B433A68CE
:1051200092681946FFF7EEFA3B681A683A4B13404B
:10513000002B67D03948FFF738FAC7F8C0003B6842
:105140001B68374A934204D03B681B68354A934238
:1051500027D1D7F8C03003F40003002B21D17B689E
:105160001B68B3F1A04F4DD1D7F8C03043F4000312
:1051700019462A48FFF706FA2B4B1B689B092B4A56
:10518000A2FB03239A0913465B0013449B001833C8
:10519000BB6002E0BB68013BBB60BB68002BF9D180
:1051A00030E03B681B68224A934213D1D7F8C030E5
:1051B00003F08073002B0DD17B681B681D4A93425E
:1051C00020D0D7F8C03043F0807319461348FFF75A
:1051D000D9F917E03B681B68174A934212D1D7F8F8
:1051E000C03003F48003002B0CD17B681B68114A8C
:1051F000934207D0D7F8C03043F4800319460748DC
:10520000FFF7C0F97B68002283F8582097F8D73061
:105210001846D837BD4680BD000008800003005006
:10522000000021C31000C09008000020632D3E053F
:10523000000052C700010050000084CB90B5A1B01F
:1052400000AF78603960002387F87F307B6893F87F
:105250005830012B01D102238BE07B68012283F8B7
:10526000582000237B660023BB667B681B68B3F174
:10527000A04F02D1414BBB6001E00023BB60BB6883
:10528000002B0BD17B68DB6D43F020027B68DA6575
:105290007B68002283F8582001236AE0BB68184627
:1052A000FFF793FAB8677B681B681846FFF78DFA1B
:1052B0000346002B4CD1BB6F002B49D1304B7B6791
:1052C0003B681B68002B28D07B6F9B6823F46042EF
:1052D0003B6859687B6893F838305B030B431A438B
:1052E0007B6F9A604FF0A040FFF75CFA04462348BA
:1052F000FFF758FA03462343002B33D17B6F9B689B
:1053000023F4716323F00F033A6811683A689268D6
:105310000A431A437B6F9A6024E07B6F9B6823F4F7
:1053200060427B6F9A604FF0A040FFF73BFA044663
:105330001248FFF737FA03462343002B12D17B6F45
:105340009B6823F4716323F00F037A6F936009E085
:105350007B68DB6D43F020027B68DA65012387F808
:105360007F3000E000BF7B68002283F8582097F868
:105370007F3018468437BD4690BD00BF0001005005
:105380000003005080B584B000AF78607B68002BCC
:1053900001D1012347E17B6893F85C30DBB2002B3D
:1053A00006D17B68002283F85D207868FBF7ACFBB0
:1053B0007B681B689A697B681B6822F010029A61FF
:1053C000FCF7B0FAF86012E0FCF7ACFA0246FB68B2
:1053D000D31A0A2B0BD97B681B6E43F001027B6842
:1053E0001A667B68032283F85C2001231BE17B683B
:1053F0001B689B6903F00803082BE5D07B681B68DA
:105400009A697B681B6842F001029A61FCF78AFA8C
:10541000F86012E0FCF786FA0246FB68D31A0A2B02
:105420000BD97B681B6E43F001027B681A667B68B0
:10543000032283F85C200123F5E07B681B689B69ED
:1054400003F00103002BE5D07B681B689A697B6839
:105450001B6842F002029A617B681B68744A93429F
:1054600003D1744A7B685B6813607B681B7C012BEB
:1054700008D17B681B689A697B681B6822F0400230
:105480009A6107E07B681B689A697B681B6842F039
:1054900040029A617B685B7C012B08D17B681B68AA
:1054A0009A697B681B6842F480429A6107E07B68D6
:1054B0001B689A697B681B6822F480429A617B684A
:1054C0009B7C012B08D17B681B689A697B681B68F1
:1054D00022F480529A6107E07B681B689A697B68B6
:1054E0001B6842F480529A617B681B689B6923F4B5
:1054F00040717B689A687B681B680A439A617B6885
:105500001B689A697B681B6822F0A4029A617B6819
:105510001B681A697B681B6822F010021A617B689D
:10552000DB68012B08D17B681B689A697B681B6864
:1055300042F004029A612CE07B68DB68002B28D0E3
:105540007B68DB68022B1CD07B681B689A697B68D0
:105550001B6842F080029A617B681B681A697B684D
:105560001B6842F010021A617B68DB68032B10D1C4
:105570007B681B689A697B681B6842F020029A610D
:1055800007E07B681B689A697B681B6842F0200211
:105590009A617B689B69013B5A067B68DB69013B2A
:1055A0001B021A437B681B6A013B42EA03017B68CA
:1055B0005B69013B1A047B681B680A43DA617B68FC
:1055C0009B68B3F5407F15D17B689B6A5A1E7B6848
:1055D000DB6A013B1B021A437B681B6B013B1B010F
:1055E00042EA03017B685B6A013B1A047B681B6823
:1055F0000A43DA607B681B68D3F8C0107B68DA6BFB
:105600007B681B680A43C3F8C020786800F014F870
:105610007B6800229A657B6800221A667B680122FB
:1056200083F85C20002318461037BD4680BD00BFBC
:10563000006400400065004080B485B000AF786031
:10564000274BBB607B68BA681A647B681B68D3F819
:10565000803023F4F8117B685B6B1A047B681B684D
:105660000A43C3F88020BB6803F170027B685A6468
:105670007B681B68D3F8803023F070617B689B6B7C
:105680001A067B681B680A43C3F88020BB6803F1D5
:10569000B0027B689A64BB6803F5C4727B68DA6405
:1056A000BB6803F518727B681A65BB6803F51E7248
:1056B0007B685A65BB68FB6005E0FB6800221A60E6
:1056C000FB680433FB60BB6803F55473FA689A42C5
:1056D000F3D300BF00BF1437BD465DF8047B7047AD
:1056E00000A4004080B582B000AF78607B68002BDA
:1056F00001D101238DE07B6893F84130DBB2002BB0
:1057000006D17B68002283F840207868FBF7B6FA60
:105710007B68242283F841207B681B681A687B68B9
:105720001B6822F001021A607B685A687B681B685C
:1057300022F070621A617B681B689A687B681B683C
:1057400022F400429A607B68DB68012B07D17B68FA
:105750009A687B681B6842F400429A6006E07B68A6
:105760009A687B681B6842F404429A607B68DB6835
:10577000022B08D17B681B685A687B681B6842F45F
:1057800000625A6007E07B681B685A687B681B6888
:1057900022F400625A607B681B685B687A68126852
:1057A00043F0007343F4004353607B681B68DA687E
:1057B0007B681B6822F40042DA607B681A697B68A8
:1057C0005B6942EA03017B689B691A027B681B687C
:1057D0000A43DA607B68D9697B681A6A7B681B6850
:1057E0000A431A607B681B681A687B681B6842F072
:1057F00001021A607B6800225A647B68202283F8C9
:1058000041207B6800221A637B68002283F84220D3
:10581000002318460837BD4680BD80B483B000AF72
:10582000786039607B6893F84130DBB2202B38D147
:105830007B6893F84030012B01D1022332E07B6872
:10584000012283F840207B68242283F841207B6872
:105850001B681A687B681B6822F001021A607B686B
:105860001B681A687B681B6822F480521A607B6888
:105870001B6819687B681B683A680A431A607B6872
:105880001B681A687B681B6842F001021A607B681B
:10589000202283F841207B68002283F840200023E7
:1058A00000E0022318460C37BD465DF8047B7047C4
:1058B00080B485B000AF786039607B6893F8413080
:1058C000DBB2202B39D17B6893F84030012B01D11A
:1058D000022333E07B68012283F840207B68242286
:1058E00083F841207B681B681A687B681B6822F07C
:1058F00001021A607B681B681B68FB60FB6823F46D
:105900007063FB603B681B02FA681343FB607B68B3
:105910001B68FA681A607B681B681A687B681B68DA
:1059200042F001021A607B68202283F841207B68E4
:10593000002283F84020002300E002231846143799
:10594000BD465DF8047B704780B584B000AF7860D9
:105950000023FB737B68002B01D10123BBE07B6834
:1059600093F83A30DBB2052B01D10123B3E07B6819
:1059700093F83A30DBB2022B01D10123ABE0584B54
:105980001B6E574A43F001031366554B1B6E03F021
:105990000103BB60BB687B6893F83A30DBB2002B35
:1059A00003D17B68002283F839207868FBF738FA46
:1059B0007B689B68402B03D07B689B68602B33D14E
:1059C0007B681B681B6823F010017B68DA6A7B68C0
:1059D0001B680A431A607B681B681A68414B1340B6
:1059E0007A6851687A68926811437A6812690A4342
:1059F0007968097D012902D14FF4807100E000210E
:105A000011437A68526A11437A68926A11437A683C
:105A1000126BD20411437A68526B120611437A68F2
:105A200012680B43136035E07B681B681B6823F02A
:105A300010017B68DA6A7B681B680A431A607B681E
:105A40001B681A68274B13407A6851687A68926815
:105A500011437A68D26811437A6812690A437968F7
:105A6000097D012902D14FF4807100E0002111432A
:105A70007A68526A11437A68926A11437A68126BA3
:105A8000D20411437A68526B120611437A68126885
:105A90000B4313607B681B689B69002B10DB7B68E2
:105AA0001B689B6923F03F017B689A697B68DB690F
:105AB0001A437B681B6A1A437B681B680A439A6116
:105AC0007B6893F83A30DBB2002B03D17B6801226C
:105AD00083F83A20FB7B18461037BD4680BD00BFD7
:105AE00000100240113E00E080B584B000AF786045
:105AF0007B68002B01D101239DE07B685B6A002B52
:105B000008D17B685B68B3F5827F09D07B6800228F
:105B1000DA6105E07B6800221A617B6800225A6125
:105B20007B6800229A627B6893F85D30DBB2002BC1
:105B300006D17B68002283F85C207868FBF724FAA2
:105B40007B68022283F85D207B681B681A687B688B
:105B50001B6822F040021A607B68DB68B3F5E06FD7
:105B600002D90023FB6002E04FF48053FB607B68A6
:105B7000DB68B3F5706F07D07B68DB68B3F5E06F67
:105B800002D07B6800229A627B685B6803F48272B1
:105B90007B689B6803F404431A437B681B6903F02A
:105BA00002031A437B685B6903F001031A437B68B5
:105BB0009B6903F400731A437B68DB6903F03803C5
:105BC0001A437B681B6A03F0800342EA03017B6887
:105BD0009B6A03F400527B681B680A431A607B6867
:105BE0009B691B0C03F004027B685B6A03F01003E3
:105BF0001A437B685B6B03F008031A437B68DB681E
:105C000003F4706342EA0301FB6803F480527B688B
:105C10001B680A435A607B681B68DA697B681B68EB
:105C200022F40062DA617B6800221A667B68012236
:105C300083F85D20002318461037BD4680BD80B52F
:105C400082B000AF78607B68002B01D1012349E06E
:105C50007B6893F83D30DBB2002B06D17B680022D5
:105C600083F83C207868FBF725FB7B68022283F8E9
:105C70003D207B681A687B6804331946104600F0A3
:105C800085FC7B68012283F848207B68012283F829
:105C90003E207B68012283F83F207B68012283F845
:105CA00040207B68012283F841207B68012283F831
:105CB00042207B68012283F843207B68012283F81D
:105CC00044207B68012283F845207B68012283F809
:105CD00046207B68012283F847207B68012283F8F5
:105CE0003D20002318460837BD4680BD80B485B0EE
:105CF00000AF78607B6893F83D30DBB2012B01D0B8
:105D000001234AE07B68022283F83D207B681B6800
:105D1000DA687B681B6842F00102DA607B681B6806
:105D2000214A934218D07B681B68B3F1804F13D08F
:105D30007B681B681D4A93420ED07B681B681C4A17
:105D4000934209D07B681B681A4A934204D07B684F
:105D50001B68194A934215D17B681B689A68174BD8
:105D60001340FB60FB68062B15D0FB68B3F5803F42
:105D700011D07B681B681A687B681B6842F00102BF
:105D80001A6008E07B681B681A687B681B6842F031
:105D900001021A6000E000BF002318461437BD4618
:105DA0005DF8047B704700BF002C014000040040F8
:105DB000000800400034014000400140070001009D
:105DC00080B582B000AF78607B68002B01D10123E1
:105DD00049E07B6893F83D30DBB2002B06D17B684D
:105DE000002283F83C20786800F041F87B680222AA
:105DF00083F83D207B681A687B6804331946104697
:105E000000F0C4FB7B68012283F848207B680122F4
:105E100083F83E207B68012283F83F207B680122C3
:105E200083F840207B68012283F841207B680122AF
:105E300083F842207B68012283F843207B6801229B
:105E400083F844207B68012283F845207B68012287
:105E500083F846207B68012283F847207B68012273
:105E600083F83D20002318460837BD4680BD80B426
:105E700083B000AF786000BF0C37BD465DF8047B8F
:105E8000704780B584B000AF78607B681B68DB68C2
:105E9000FB607B681B681B69BB60BB6803F0020387
:105EA000002B20D0FB6803F00203002B1BD07B6883
:105EB0001B686FF002021A617B6801221A777B6807
:105EC0001B689B6903F00303002B03D0786800F084
:105ED0003FFB05E0786800F031FB786800F042FB9A
:105EE0007B6800221A77BB6803F00403002B20D0E4
:105EF000FB6803F00403002B1BD07B681B686FF06A
:105F000004021A617B6802221A777B681B689B690E
:105F100003F44073002B03D0786800F019FB05E010
:105F2000786800F00BFB786800F01CFB7B680022AF
:105F30001A77BB6803F00803002B20D0FB6803F03E
:105F40000803002B1BD07B681B686FF008021A61E6
:105F50007B6804221A777B681B68DB6903F0030304
:105F6000002B03D0786800F0F3FA05E0786800F0C1
:105F7000E5FA786800F0F6FA7B6800221A77BB68C9
:105F800003F01003002B20D0FB6803F01003002B5C
:105F90001BD07B681B686FF010021A617B680822B7
:105FA0001A777B681B68DB6903F44073002B03D00E
:105FB000786800F0CDFA05E0786800F0BFFA7868FC
:105FC00000F0D0FA7B6800221A77BB6803F0010367
:105FD000002B0CD0FB6803F00103002B07D07B687B
:105FE0001B686FF001021A617868FAF7C9F9BB689B
:105FF00003F08003002B04D1BB6803F40053002B93
:106000000CD0FB6803F08003002B07D07B681B6873
:106010006FF402521A61786801F010F9BB6803F45A
:106020008073002B0CD0FB6803F08003002B07D09B
:106030007B681B686FF480721A61786801F008F958
:10604000BB6803F04003002B0CD0FB6803F0400357
:10605000002B07D07B681B686FF040021A617868DC
:1060600000F08AFABB6803F02003002B0CD0FB6819
:1060700003F02003002B07D07B681B686FF0200221
:106080001A61786801F0D0F8BB6803F48013002B24
:106090000CD0FB6803F48013002B07D07B681B68CF
:1060A0006FF480121A61786801F0DCF8BB6803F4C1
:1060B0000013002B0CD0FB6803F40013002B07D057
:1060C0007B681B686FF400121A61786801F0D4F8DD
:1060D000BB6803F48003002B0CD0FB6803F480033F
:1060E000002B07D07B681B686FF480021A61786808
:1060F00001F0CCF8BB6803F40003002B0CD0FB6864
:1061000003F40003002B07D07B681B686FF40002C8
:106110001A61786801F0C4F800BF1037BD4680BD31
:1061200080B586B000AFF860B9607A600023FB7577
:10613000FB6893F83C30012B01D10223FFE0FB68A0
:10614000012283F83C207B68142B00F2F08001A22E
:1061500052F823F0A96100082F6300082F6300089C
:106160002F630008E96100082F6300082F6300080F
:106170002F6300082B6200082F6300082F630008BC
:106180002F6300086B6200082F6300082F6300086C
:106190002F630008AD6200082F6300082F6300081A
:1061A0002F630008ED620008FB681B68B968184699
:1061B00000F082FAFB681B689A69FB681B6842F072
:1061C00008029A61FB681B689A69FB681B6822F0E9
:1061D00004029A61FB681B689969BB681A69FB68CD
:1061E0001B680A439A61A5E0FB681B68B9681846FA
:1061F00000F0F4FAFB681B689A69FB681B6842F4BC
:1062000000629A61FB681B689A69FB681B6822F44C
:1062100080629A61FB681B689969BB681B691A02F6
:10622000FB681B680A439A6184E0FB681B68B968D5
:10623000184600F05FFBFB681B68DA69FB681B68A7
:1062400042F00802DA61FB681B68DA69FB681B68C8
:1062500022F00402DA61FB681B68D969BB681A691D
:10626000FB681B680A43DA6164E0FB681B68B96875
:10627000184600F0C9FBFB681B68DA69FB681B68FD
:1062800042F40062DA61FB681B68DA69FB681B682C
:1062900022F48062DA61FB681B68D969BB681B69FC
:1062A0001A02FB681B680A43DA6143E0FB681B685B
:1062B000B968184600F034FCFB681B681A6DFB686F
:1062C0001B6842F008021A65FB681B681A6DFB68C0
:1062D0001B6822F004021A65FB681B68196DBB6815
:1062E0001A69FB681B680A431A6523E0FB681B6890
:1062F000B968184600F078FCFB681B681A6DFB68EB
:106300001B6842F400621A65FB681B681A6DFB6823
:106310001B6822F480621A65FB681B68196DBB68F4
:106320001B691A02FB681B680A431A6502E0012315
:10633000FB7500BFFB68002283F83C20FB7D1846FC
:106340001837BD4680BD00BF80B584B000AF78600F
:1063500039600023FB737B6893F83C30012B01D13B
:106360000223DEE07B68012283F83C207B68022266
:1063700083F83D207B681B689B68BB60BB6823F487
:10638000441323F07703BB60BB6823F47F43BB60F7
:106390007B681B68BA689A603B681B68634A9342D3
:1063A00000F0A980614A934200F2AE80604A9342B5
:1063B00000F0A1805E4A934200F2A6805D4A9342BB
:1063C00000F099805B4A934200F29E805A4A9342C1
:1063D00000F09180584A934200F29680B3F1101F6A
:1063E00000F08980B3F1101F00F28E80B3F5005FDA
:1063F0003ED0B3F5005F00F28780B3F5805F00F018
:106400008680B3F5805F7FD8702B1AD0702B7BD835
:10641000602B50D0602B77D8502B3CD0502B73D8AA
:10642000402B58D0402B6FD8302B64D0302B6BD8FA
:10643000202B60D0202B67D8002B5CD0102B5AD09B
:1064400062E07B6818683B6899683B685A683B68FB
:10645000DB6800F0E2FC7B681B689B68BB60BB6884
:1064600043F07703BB607B681B68BA689A604FE0B3
:106470007B6818683B6899683B685A683B68DB68CA
:1064800000F0CBFC7B681B689A687B681B6842F451
:1064900080429A603CE07B6818683B6859683B68BA
:1064A000DB681A4600F006FC7B681B685021184622
:1064B00000F096FC2CE07B6818683B6859683B68E4
:1064C000DB681A4600F04AFC7B681B6860211846AE
:1064D00000F086FC1CE07B6818683B6859683B68E4
:1064E000DB681A4600F0E6FB7B681B684021184613
:1064F00000F076FC0CE07B681A683B681B68194664
:10650000104600F06DFC03E00123FB7300E000BFC8
:106510007B68012283F83D207B68002283F83C20C1
:10652000FB7B18461037BD4680BD00BF70001000D1
:1065300040001000300010002000100080B483B034
:1065400000AF786000BF0C37BD465DF8047B704734
:1065500080B483B000AF786000BF0C37BD465DF8F3
:10656000047B704780B483B000AF786000BF0C3705
:10657000BD465DF8047B704780B483B000AF78609F
:1065800000BF0C37BD465DF8047B704780B485B012
:1065900000AF786039607B681B68FB607B683F4AAE
:1065A00093420FD07B68B3F1804F0BD07B683C4A9D
:1065B000934207D07B683B4A934203D07B683A4AB8
:1065C000934208D1FB6823F07003FB603B685B6873
:1065D000FA681343FB607B68304A93421BD07B68A8
:1065E000B3F1804F17D07B682D4A934213D07B685C
:1065F0002C4A93420FD07B682B4A93420BD07B6886
:106600002A4A934207D07B68294A934203D07B6889
:10661000284A934208D1FB6823F44073FB603B682F
:10662000DB68FA681343FB60FB6823F080023B6879
:106630005B691343FB603B689A687B68DA623B687E
:106640001A687B689A627B68144A93420FD07B6811
:10665000154A93420BD07B68144A934207D07B685B
:10666000134A934203D07B68124A934203D13B689A
:106670001A697B681A637B681B6843F004027B68B5
:106680001A607B6801225A617B68FA681A6000BF51
:106690001437BD465DF8047B704700BF002C0140F5
:1066A0000004004000080040003401400040014068
:1066B000004401400048014080B487B000AF7860DA
:1066C00039607B681B6A7B617B681B6A23F001026F
:1066D0007B681A627B685B683B617B689B69FB60D7
:1066E000FB6823F4803323F07003FB60FB6823F026
:1066F0000303FB603B681B68FA681343FB607B691C
:1067000023F002037B613B689B687A6913437B61DA
:106710007B682D4A93420FD07B682C4A93420BD062
:106720007B682B4A934207D07B682A4A934203D066
:106730007B68294A93420ED17B681B6A23F00402CE
:106740007B681A627B6923F008037B613B68DB6826
:106750007A6913437B617B681B4A93420FD07B6845
:106760001A4A93420BD07B68194A934207D07B6840
:10677000184A934203D07B68174A934211D13B6970
:1067800023F480733B613B6923F400733B613B68F6
:106790005B693A6913433B613B689B693A69134300
:1067A0003B617B683A695A607B68FA689A613B682A
:1067B0005A687B685A637B687A691A6200BF1C3723
:1067C000BD465DF8047B7047002C01400034014059
:1067D00000400140004401400048014080B487B0BF
:1067E00000AF786039607B681B6A7B617B681B6ADD
:1067F00023F010027B681A627B685B683B617B68F0
:106800009B69FB60FB6823F0807323F4E043FB602B
:10681000FB6823F44073FB603B681B681B02FA684B
:106820001343FB607B6923F020037B613B689B681B
:106830001B017A6913437B617B68294A934203D029
:106840007B68284A93420FD17B681B6A23F0400281
:106850007B681A627B6923F080037B613B68DB689D
:106860001B017A6913437B617B681D4A93420FD0F9
:106870007B681C4A93420BD07B681B4A934207D02B
:106880007B681A4A934203D07B68194A934213D11A
:106890003B6923F480633B613B6923F400633B6104
:1068A0003B685B699B003A6913433B613B689B69AA
:1068B0009B003A6913433B617B683A695A607B6885
:1068C000FA689A613B685A687B689A637B687A6960
:1068D0001A6200BF1C37BD465DF8047B704700BFDD
:1068E000002C0140003401400040014000440140C0
:1068F0000048014080B487B000AF786039607B68A1
:106900001B6A7B617B681B6A23F480727B681A6256
:106910007B685B683B617B68DB69FB60FB6823F439
:10692000803323F07003FB60FB6823F00303FB60FC
:106930003B681B68FA681343FB607B6923F40073B0
:106940007B613B689B681B027A6913437B617B68B0
:10695000284A934203D07B68274A93420FD17B6831
:106960001B6A23F480627B681A627B6923F40063EC
:106970007B613B68DB681B027A6913437B617B6840
:106980001C4A93420FD07B681B4A93420BD07B6812
:106990001A4A934207D07B68194A934203D07B6816
:1069A000184A934213D13B6923F480533B613B69FE
:1069B00023F400533B613B685B691B013A69134355
:1069C0003B613B689B691B013A6913433B617B68F0
:1069D0003A695A607B68FA68DA613B685A687B6892
:1069E000DA637B687A691A6200BF1C37BD465DF8BE
:1069F000047B7047002C01400034014000400140FE
:106A0000004401400048014080B487B000AF786086
:106A100039607B681B6A7B617B681B6A23F4805248
:106A20007B681A627B685B683B617B68DB69FB6043
:106A3000FB6823F0807323F4E043FB60FB6823F4DE
:106A40004073FB603B681B681B02FA681343FB60E2
:106A50007B6923F400537B613B689B681B037A6965
:106A600013437B617B68294A934203D07B68284AA1
:106A700093420FD17B681B6A23F480427B681A62C1
:106A80007B6923F400437B613B68DB681B037A6905
:106A900013437B617B681D4A93420FD07B681C4A7D
:106AA00093420BD07B681B4A934207D07B681A4AFB
:106AB000934203D07B68194A934213D13B6923F474
:106AC00080433B613B6923F400433B613B685B6966
:106AD0009B013A6913433B613B689B699B013A699F
:106AE00013433B617B683A695A607B68FA68DA61F4
:106AF0003B685A687B681A647B687A691A6200BFCF
:106B00001C37BD465DF8047B704700BF002C014078
:106B10000034014000400140004401400048014071
:106B200080B487B000AF786039607B681B6A3B61D6
:106B30007B681B6A23F480327B681A627B685B681F
:106B40007B617B681B6DFB60FB6823F4803323F063
:106B50007003FB603B681B68FA681343FB603B698A
:106B600023F400333B613B689B681B043A69134381
:106B70003B617B68174A93420FD07B68164A934269
:106B80000BD07B68154A934207D07B68144A934226
:106B900003D07B68134A934209D17B6923F4803385
:106BA0007B613B685B691B027A6913437B617B688D
:106BB0007A695A607B68FA681A653B685A687B682C
:106BC0009A647B683A691A6200BF1C37BD465DF85B
:106BD000047B7047002C014000340140004001401C
:106BE000004401400048014080B487B000AF7860A5
:106BF00039607B681B6A3B617B681B6A23F48012E7
:106C00007B681A627B685B687B617B681B6DFB60DD
:106C1000FB6823F0807323F4E043FB603B681B6850
:106C20001B02FA681343FB603B6923F400133B61CA
:106C30003B689B681B053A6913433B617B68184AB4
:106C400093420FD07B68174A93420BD07B68164A59
:106C5000934207D07B68154A934203D07B68144A5D
:106C6000934209D17B6923F480237B613B685B6994
:106C70009B027A6913437B617B687A695A607B68FF
:106C8000FA681A653B685A687B68DA647B683A6917
:106C90001A6200BF1C37BD465DF8047B704700BF19
:106CA000002C0140003401400040014000440140FC
:106CB0000048014080B487B000AFF860B9607A60E6
:106CC000FB681B6A7B61FB681B6A23F00102FB689F
:106CD0001A62FB681C4A93420FD0FB681B4A93421E
:106CE0000BD0FB681A4A934207D0FB68194A9342BB
:106CF00003D0FB68184A934205D1FB681B6A23F056
:106D00000402FB681A62FB689B693B613B6923F0E4
:106D1000F0033B617B681B013A6913433B617B696C
:106D200023F00A037B617A69BB6813437B61FB68CC
:106D30003A699A61FB687A691A6200BF1C37BD46DE
:106D40005DF8047B704700BF002C01400034014017
:106D500000400140004401400048014080B487B039
:106D600000AFF860B9607A60FB681B6A7B61FB6802
:106D70001B6A23F01002FB681A62FB68164A9342F2
:106D800003D0FB68154A934205D1FB681B6A23F0C8
:106D90004002FB681A62FB689B693B613B6923F414
:106DA00070433B617B681B033A6913433B617B691A
:106DB00023F0A0037B61BB681B017A6913437B61ED
:106DC000FB683A699A61FB687A691A6200BF1C37EE
:106DD000BD465DF8047B7047002C01400034014043
:106DE00080B485B000AF786039607B689B68FB60D9
:106DF000FB6823F4401323F07003FB603A68FB68E0
:106E0000134343F00703FB607B68FA689A6000BF96
:106E10001437BD465DF8047B704780B487B000AF7F
:106E2000F860B9607A603B60FB689B687B617B6956
:106E300023F47F437B613B681A027B681A43BB687B
:106E400013437A6913437B61FB687A699A6000BFD8
:106E50001C37BD465DF8047B7047000080B485B0E8
:106E600000AF786039607B6893F83C30012B01D12A
:106E7000022365E07B68012283F83C207B680222C4
:106E800083F83D207B681B685B68FB607B681B6840
:106E90009B68BB607B681B682C4A934204D07B686C
:106EA0001B682B4A934208D1FB6823F47003FB60F4
:106EB0003B685B68FA681343FB60FB6823F0007370
:106EC00023F07003FB603B681B68FA681343FB60A8
:106ED0007B681B68FA685A607B681B681B4A934290
:106EE00018D07B681B68B3F1804F13D07B681B6898
:106EF000184A93420ED07B681B68174A934209D008
:106F00007B681B68124A934204D07B681B68134A53
:106F100093420CD1BB6823F08003BB603B689B6845
:106F2000BA681343BB607B681B68BA689A607B6869
:106F3000012283F83D207B68002283F83C20002357
:106F400018461437BD465DF8047B7047002C01409D
:106F500000340140000400400008004000400140AF
:106F600080B485B000AF786039600023FB607B6837
:106F700093F83C30012B01D1022373E07B6801229E
:106F800083F83C20FB6823F0FF023B68DB68134377
:106F9000FB60FB6823F440723B689B681343FB6013
:106FA000FB6823F480623B685B681343FB60FB680B
:106FB00023F400623B681B681343FB60FB6823F407
:106FC00080523B681B691343FB60FB6823F400524B
:106FD0003B685B691343FB60FB6823F480423B68BA
:106FE0001B6B1343FB60FB6823F470223B689B69B7
:106FF0001B041343FB60FB6823F080523B68DB6992
:107000001343FB607B681B68194A934204D07B687A
:107010001B68184A93421CD1FB6823F470023B683A
:107020009B6A1B051343FB60FB6823F080723B687F
:107030001B6A1343FB60FB6823F000723B685B6ACA
:107040001343FB60FB6823F000523B68DB6A134389
:10705000FB607B681B68FA685A647B68002283F8CF
:107060003C20002318461437BD465DF8047B70476A
:10707000002C01400034014080B48BB000AFF860B8
:10708000B9607A60002387F82730FB6893F83C30BA
:10709000012B01D10223C1E0FB68012283F83C20CF
:1070A0007B681B68013B0F2B54D801A252F823F0D8
:1070B000F170000805710008557100081971000889
:1070C0005571000855710008557100082D710008B0
:1070D0005571000855710008557100085571000878
:1070E000557100085571000855710008417100087C
:1070F00001233B620023BB614FF40073FB61092352
:107100007B6130E002233B620123BB614FF480636B
:10711000FB610A237B6126E004233B620223BB61FF
:107120004FF40063FB610B237B611CE008233B628F
:107130000323BB614FF48053FB610C237B6112E09E
:1071400010233B620423BB614FF40053FB610D230A
:107150007B6108E000233B620023FB610023BB61ED
:1071600000237B6100BFBB68012B03D0BB68022BEF
:1071700025D049E0FB681B681B6E3B613B6ADB4323
:107180003A6913403B617B685A68BB699A403B6A25
:1071900013403A6913433B61FB69DB433A6913408F
:1071A0003B617B689A687B699A40FB6913403A6946
:1071B00013433B61FB681B683A691A6628E0FB6869
:1071C0001B685B6E3B613B6ADB433A6913403B6182
:1071D0007B685A68BB699A403B6A13403A6913431B
:1071E0003B61FB69DB433A6913403B617B689A680A
:1071F0007B699A40FB6913403A6913433B61FB6822
:107200001B683A695A6603E0012387F8273000BFFC
:10721000FB68002283F83C2097F8273018462C376B
:10722000BD465DF8047B704780B483B000AF7860E2
:1072300000BF0C37BD465DF8047B704780B483B057
:1072400000AF786000BF0C37BD465DF8047B704727
:1072500080B483B000AF786000BF0C37BD465DF8E6
:10726000047B704780B483B000AF786000BF0C37F8
:10727000BD465DF8047B704780B483B000AF786092
:1072800000BF0C37BD465DF8047B704780B483B007
:1072900000AF786000BF0C37BD465DF8047B7047D7
:1072A00080B483B000AF786000BF0C37BD465DF896
:1072B000047B704780B582B000AF78607B68002B9C
:1072C00001D1012342E07B68D3F88830002B06D13E
:1072D0007B68002283F884207868FAF7F3F87B68EB
:1072E0002422C3F888207B681B681A687B681B68A7
:1072F00022F001021A607B689B6A002B02D078683A
:1073000000F0F4FA786800F025F80346012B01D16B
:1073100001231BE07B681B685A687B681B6822F4AA
:1073200090425A607B681B689A687B681B6822F0F1
:107330002A029A607B681B681A687B681B6842F0A7
:1073400001021A60786800F073FB0346184608379C
:10735000BD4680BD2DE9B04F8CB000AF78610023F1
:1073600087F82A307B699A687B691B691A437B69B5
:107370005B691A437B69DB691343FB627B691B68AA
:107380001A68AB4B13407A691268F96A0B431360B1
:107390007B691B685B6823F440517B69DA687B6911
:1073A0001B680A435A607B699B69FB627B691B68A7
:1073B000A04A934204D07B691B6AFA6A1343FB62BA
:1073C0007B691B689B6823F06E4323F430637A6902
:1073D0001268F96A0B4393607B691B68DB6A23F0D0
:1073E0000F017B695A6A7B691B680A43DA627B6911
:1073F0001B68914A934225D1904BD3F8883003F013
:107400000303032B1AD801A252F823F01D740008BD
:107410002D7400082574000835740008012387F8CE
:107420002B30D6E0022387F82B30D2E0042387F8F4
:107430002B30CEE0082387F82B30CAE0102387F8E2
:107440002B30C6E07B691B687D4A934238D17B4B69
:10745000D3F8883003F00C030C2B2DD801A252F87E
:1074600023F000BF99740008B9740008B9740008CB
:10747000B9740008A9740008B9740008B974000848
:10748000B9740008A1740008B9740008B974000840
:10749000B9740008B1740008002387F82B3098E015
:1074A000022387F82B3094E0042387F82B3090E0F8
:1074B000082387F82B308CE0102387F82B3088E0E6
:1074C0007B691B685F4A934225D15C4BD3F88830B7
:1074D00003F03003302B16D0302B18D8202B0AD0D5
:1074E000202B14D8002B02D0102B08D00FE0002343
:1074F00087F82B306DE0022387F82B3069E00423F6
:1075000087F82B3065E0082387F82B3061E01023E3
:1075100087F82B305DE07B691B684B4A934225D18D
:10752000464BD3F8883003F0C003C02B16D0C02BD5
:1075300018D8802B0AD0802B14D8002B02D0402BD7
:1075400008D00FE0002387F82B3042E0022387F8B1
:107550002B303EE0042387F82B303AE0082387F8ED
:107560002B3036E0102387F82B3032E07B691B6824
:10757000304A93422AD1314BD3F8883003F4406328
:10758000B3F5406F1AD0B3F5406F1BD8B3F5006F59
:107590000CD0B3F5006F15D8002B03D0B3F5806F76
:1075A00008D00FE0002387F82B3012E0022387F881
:1075B0002B300EE0042387F82B300AE0082387F8ED
:1075C0002B3006E0102387F82B3002E0102387F8D9
:1075D0002B307B691B68174A934240F0A88097F8CC
:1075E0002B30082B34D801A252F823F01176000872
:1075F0005176000819760008517600081F760008B9
:107600005176000851760008517600082776000868
:10761000FAF750FE786221E00C4B7B621EE0FAF72D
:10762000DBFD78621AE04FF400437B6216E000BF96
:10763000F369FFCF00800040003801400010024095
:107640000044004000480040004C00400024F4008A
:1076500000237B62012387F82A3000BF7B6A002B5E
:1076600000F02A817B695B6A9E4A32F813301A4621
:107670007B6AB3FBF2F3BB617B695A6813465B001C
:107680001344BA699A4205D37B695B681B03BA69E4
:107690009A4203D9012387F82A300DE17B6A002240
:1076A000BB60FA607B695B6A8E4A32F813309BB22A
:1076B00000223B607A60D7E90023D7E90201F8F79E
:1076C0008FFD02460B46104619464FF000024FF060
:1076D00000030B0243EA1063020279694968490812
:1076E00000200C46054612EB040843EB05097B69B4
:1076F0005B6800229A46934652465B46404649469E
:10770000F8F76EFD02460B4613463B623B6AB3F543
:10771000407F08D33B6AB3F5801F04D27B691B68A6
:107720003A6ADA60C8E0012387F82A30C4E07B694E
:10773000DB69B3F5004F67D197F82B30082B28D8B9
:1077400001A252F823F000BF6D770008757700089A
:107750007D77000893770008837700089377000807
:1077600093770008937700088B770008FAF7A2FD5B
:10777000786214E0FAF7B4FD786210E05A4B7B624D
:107780000DE0FAF729FD786209E04FF400437B62CF
:1077900005E000237B62012387F82A3000BF7B6A63
:1077A000002B00F089807B695B6A4E4A32F8133007
:1077B0001A467B6AB3FBF2F35A007B695B685B088D
:1077C0001A447B695B68B2FBF3F33B623B6A0F2BA5
:1077D00016D93B6AB3F5803F12D23B6A9BB223F0C5
:1077E0000F03FB833B6A5B089BB203F007039AB26B
:1077F000FB8B1343FB837B691B68FA8BDA605BE0CE
:10780000012387F82A3057E097F82B30082B28D827
:1078100001A252F823F000BF3D7800084578000827
:107820004D780008637800085378000863780008F2
:1078300063780008637800085B780008FAF73AFD7F
:10784000786214E0FAF74CFD786210E0264B7B6218
:107850000DE0FAF7C1FC786209E04FF400437B6267
:1078600005E000237B62012387F82A3000BF7B6A92
:10787000002B21D07B695B6A1A4A32F813301A4612
:107880007B6AB3FBF2F27B695B685B081A447B6935
:107890005B68B2FBF3F33B623B6A0F2B09D93B6A8F
:1078A000B3F5803F05D23B6A9AB27B691B68DA6008
:1078B00002E0012387F82A307B690122A3F86A20BD
:1078C0007B690122A3F868207B6900225A677B69E3
:1078D00000229A6797F82A3018463037BD46BDE82F
:1078E000B08F00BFACB000080024F40080B483B0B7
:1078F00000AF78607B689B6A03F00803002B0AD016
:107900007B681B685B6823F400417B689A6B7B682B
:107910001B680A435A607B689B6A03F00103002BD3
:107920000AD07B681B685B6823F400317B68DA6AE5
:107930007B681B680A435A607B689B6A03F00203FA
:10794000002B0AD07B681B685B6823F480317B685E
:107950001A6B7B681B680A435A607B689B6A03F05A
:107960000403002B0AD07B681B685B6823F480212A
:107970007B685A6B7B681B680A435A607B689B6A0A
:1079800003F01003002B0AD07B681B689B6823F46C
:1079900080517B68DA6B7B681B680A439A607B685E
:1079A0009B6A03F02003002B0AD07B681B689B684E
:1079B00023F400517B681A6C7B681B680A439A6049
:1079C0007B689B6A03F04003002B1AD07B681B681E
:1079D0005B6823F480117B685A6C7B681B680A43E0
:1079E0005A607B685B6CB3F5801F0AD17B681B68AB
:1079F0005B6823F4C0017B689A6C7B681B680A4350
:107A00005A607B689B6A03F08003002B0AD07B6876
:107A10001B685B6823F400217B68DA6C7B681B6859
:107A20000A435A6000BF0C37BD465DF8047B7047BF
:107A300080B598B002AF78607B680022C3F89020D0
:107A4000F9F770FF78657B681B681B6803F0080313
:107A5000082B2FD16FF07E4300937B6D00224FF4F3
:107A60000011786800F08EF80346002B22D07B6866
:107A70001B68BB63BB6B53E8003F7B637B6B23F0EE
:107A800080033B657B681B681A463B6D7B643A64E8
:107A9000396C7A6C41E80023FB63FB6B002BE6D169
:107AA0007B682022C3F888207B68002283F884202A
:107AB000032363E07B681B681B6803F00403042B4B
:107AC00049D16FF07E4300937B6D00224FF480011B
:107AD000786800F057F80346002B3CD07B681B68A1
:107AE0007B627B6A53E8003F3B623B6A23F49073FE
:107AF000FB647B681B681A46FB6C3B63FA62F96A9D
:107B00003A6B41E80023BB62BB6A002BE6D17B687D
:107B10001B6808333B613B6953E8003FFB60FB682F
:107B200023F00103BB647B681B680833BA6CFA61FD
:107B3000BB61B969FA6941E800237B617B69002B6D
:107B4000E5D17B682022C3F88C207B68002283F873
:107B50008420032312E07B682022C3F888207B68FE
:107B60002022C3F88C207B680022DA667B68002222
:107B70001A677B68002283F8842000231846583750
:107B8000BD4680BD80B584B000AFF860B9603B6091
:107B90001346FB714FE0BB69B3F1FF3F4BD0F9F7E0
:107BA000C1FE02463B68D31ABA699A4202D3BB6946
:107BB000002B01D103234EE0FB681B681B6803F018
:107BC0000403002B37D0BB68802B34D0BB68402B1C
:107BD00031D0FB681B68DB6903F00803082B10D168
:107BE000FB681B6808221A62F86800F038F8FB6826
:107BF0000822C3F89020FB68002283F88420012328
:107C000029E0FB681B68DB6903F40063B3F5006FD0
:107C100011D1FB681B684FF400621A62F86800F02B
:107C20001EF8FB682022C3F89020FB68002283F82E
:107C3000842003230FE0FB681B68DA69BB681340EC
:107C4000BA689A420CBF01230023DBB21A46FB79C3
:107C50009A42A0D0002318461037BD4680BD80B49C
:107C600095B000AF78607B681B687B637B6B53E8E3
:107C7000003F3B633B6B23F49073FB647B681B68A2
:107C80001A46FB6C3B64FA63F96B3A6C41E80023DB
:107C9000BB63BB6B002BE6D17B681B6808333B6280
:107CA0003B6A53E8003FFB61FB6923F0805323F0FC
:107CB0000103BB647B681B680833BA6CFA62BB6261
:107CC000B96AFA6A41E800237B627B6A002BE3D140
:107CD0007B68DB6E012B18D17B681B68FB60FB683F
:107CE00053E8003FBB60BB6823F010037B647B68F4
:107CF0001B681A467B6CBB617A617969BA6941E895
:107D000000233B613B69002BE6D17B682022C3F84E
:107D10008C207B680022DA667B6800225A6700BFED
:107D20005437BD465DF8047B704780B485B000AF22
:107D300078607B6893F88430012B01D1022327E01F
:107D40007B68012283F884207B682422C3F8882082
:107D50007B681B681B68FB607B681B681A687B6814
:107D60001B6822F001021A60FB6823F00053FB60DD
:107D70007B6800225A667B681B68FA681A607B6819
:107D80002022C3F888207B68002283F88420002307
:107D900018461437BD465DF8047B704780B584B043
:107DA00000AF786039607B6893F88430012B01D193
:107DB00002232DE07B68012283F884207B68242243
:107DC000C3F888207B681B681B68FB607B681B68A6
:107DD0001A687B681B6822F001021A607B681B68C6
:107DE0009B6823F060417B681B683A680A439A608D
:107DF000786800F04FF87B681B68FA681A607B6847
:107E00002022C3F888207B68002283F88420002386
:107E100018461037BD4680BD80B584B000AF78608D
:107E200039607B6893F88430012B01D102232DE067
:107E30007B68012283F884207B682422C3F8882091
:107E40007B681B681B68FB607B681B681A687B6823
:107E50001B6822F001021A607B681B689B6823F094
:107E600060617B681B683A680A439A60786800F032
:107E700011F87B681B68FA681A607B682022C3F8D7
:107E800088207B68002283F884200023184610375E
:107E9000BD4680BD80B485B000AF78607B685B6E06
:107EA000002B08D17B680122A3F86A207B6801229D
:107EB000A3F8682031E00823FB730823BB737B68B9
:107EC0001B689B685B0EDBB203F007037B737B6868
:107ED0001B689B685B0FDBB203F007033B73BB7B44
:107EE0003A7B11498A5C02FB03F33A7B0F498A5CB7
:107EF00093FBF2F39AB27B68A3F86A20FB7B7A7B50
:107F000009498A5C02FB03F37A7B08498A5C93FB8C
:107F1000F2F39AB27B68A3F8682000BF1437BD461D
:107F20005DF8047B704700BFC4B00008CCB0000807
:107F300080B483B000AF03463960FB7197F9073016
:107F4000002B0ADB3B68DAB20C4997F907301201C3
:107F5000D2B20B4483F800230AE03B68DAB2084946
:107F6000FB7903F00F03043B1201D2B20B441A76E3
:107F700000BF0C37BD465DF8047B704700E100E0B0
:107F800000ED00E080B500AF054B1B6801F07EFD01
:107F90000346012B01D002F067FB00BF80BD00BF8C
:107FA00010E000E080B500AF00216FF00400FFF7A3
:107FB000BFFF00BF80BD000080B483B000AFEFF30F
:107FC00005833B603B68002B03D06FF005037B60AB
:107FD0000CE00A4B1B68002B05D1084B01221A60EC
:107FE00000237B6002E04FF0FF337B607B68184624
:107FF0000C37BD465DF8047B704700BFDC050020F0
:1080000080B582B000AFEFF305833B603B68002B87
:1080100003D06FF005037B6010E00B4B1B68012B56
:1080200009D1FFF7BFFF084B02221A6001F0ACF83C
:1080300000237B6002E04FF0FF337B607B681846D3
:108040000837BD4680BD00BFDC05002080B58EB07E
:1080500004AFF860B9607A6000233B61EFF30583F9
:108060007B617B69002B40F08180FB68002B7DD019
:108070004FF400733B621823FB6100237B624FF0D7
:10808000FF33BB617B68002B46D07B681B68002BED
:1080900002D07B681B687B627B689B69002B02D0E7
:1080A0007B689B69FB61FB69002B08D0FB69382B5F
:1080B00005D87B685B6803F00103002B01D0002327
:1080C00055E07B685B69002B03D07B685B699B088C
:1080D0003B627B689B68002B0FD07B68DB68B3F545
:1080E000D07F0AD37B681B69002B06D07B685B6955
:1080F000002B02D00123BB6110E07B689B68002B42
:108100000CD17B68DB68002B08D17B681B69002BD6
:1081100004D10023BB6101E00023BB61BB69012BDB
:1081200010D17B681B697A68926802920193FB699F
:108130000093BB683A6A796AF86800F00BFE034660
:108140003B6113E0BB69002B10D13B6A9AB207F187
:1081500010030193FB690093BB68796AF86800F02B
:1081600058FE0346012B01D000233B613B691846B2
:108170002837BD4680BD80B584B000AF7860EFF38E
:108180000583BB60BB68002B03D06FF00503FB6069
:1081900007E00023FB607B68002B02D0786800F0CA
:1081A000BFFFFB6818461037BD4680BD80B485B060
:1081B00000AFF860B9607A60FB68074A1A60BB6874
:1081C000064A1A607B684FF400721A6000BF1437C9
:1081D000BD465DF8047B7047E00500208007002065
:1081E00080B485B000AFF860B9607A60FB68074A78
:1081F0001A60BB68064A1A607B684FF480621A6096
:1082000000BF1437BD465DF8047B7047800F002027
:108210002011002080B483B000AF78607B6803F148
:1082200008027B685A607B684FF0FF329A607B6877
:1082300003F108027B68DA607B6803F108027B685F
:108240001A617B6800221A6000BF0C37BD465DF8DA
:10825000047B704780B483B000AF78607B680022F5
:108260001A6100BF0C37BD465DF8047B704780B4CF
:1082700085B000AF786039607B685B68FB603B6805
:10828000FA685A60FB689A683B689A60FB689B686A
:108290003A685A60FB683A689A603B687A681A6183
:1082A0007B681B685A1C7B681A6000BF1437BD4688
:1082B0005DF8047B704780B485B000AF78603960AA
:1082C0003B681B68BB60BB68B3F1FF3F03D17B68B1
:1082D0001B69FB600CE07B680833FB6002E0FB6815
:1082E0005B68FB60FB685B681B68BA689A42F6D201
:1082F000FB685A683B685A603B685B683A689A60FA
:108300003B68FA689A60FB683A685A603B687A682A
:108310001A617B681B685A1C7B681A6000BF14379F
:10832000BD465DF8047B704780B485B000AF7860CF
:108330007B681B69FB607B685B687A6892689A60FF
:108340007B689B687A6852685A60FB685B687A68E9
:108350009A4203D17B689A68FB685A607B68002266
:108360001A61FB681B685A1EFB681A60FB681B6871
:1083700018461437BD465DF8047B704780B584B05D
:1083800000AF786039607B68FB60FB68002B0AD126
:108390004FF0500383F31188BFF36F8FBFF34F8FFC
:1083A000BB6000BFFEE702F0CDF8FB681A68FB680F
:1083B000DB6BF968096C01FB03F31A44FB689A60F4
:1083C000FB6800229A63FB681A68FB685A60FB68C6
:1083D0001A68FB68DB6B013BF968096C01FB03F36E
:1083E0001A44FB68DA60FB68FF2283F84420FB68CC
:1083F000FF2283F845203B68002B14D1FB681B69E2
:10840000002B1AD0FB681033184601F07DF90346A3
:10841000002B12D00C4B4FF080521A60BFF34F8FDD
:10842000BFF36F8F09E0FB6810331846FFF7F2FEC9
:10843000FB6824331846FFF7EDFE02F0B3F8012382
:1084400018461037BD4680BD04ED00E080B58EB003
:1084500002AFF860B9607A603B60FB68002B0AD11C
:108460004FF0500383F31188BFF36F8FBFF34F8F2B
:10847000BB6200BFFEE73B68002B0AD14FF0500300
:1084800083F31188BFF36F8FBFF34F8F7B6200BF01
:10849000FEE77B68002B02D0BB68002B01D00123D4
:1084A00000E00023002B0AD14FF0500383F3118822
:1084B000BFF36F8FBFF34F8F3B6200BFFEE77B6858
:1084C000002B02D1BB68002B01D1012300E0002367
:1084D000002B0AD14FF0500383F31188BFF36F8F45
:1084E000BFF34F8FFB6100BFFEE750237B617B69C9
:1084F000502B0AD04FF0500383F31188BFF36F8FD6
:10850000BFF34F8FBB6100BFFEE77B693B68FB6237
:10851000FB6A002B0DD0FB6A012283F8462097F8F6
:108520003820FB6A009313467A68B968F86800F04F
:1085300005F8FB6A18463037BD4680BD80B584B06B
:1085400000AFF860B9607A60FB70BB68002B03D1A4
:10855000BB69BA691A6002E0BB697A681A60BB69D4
:10856000FA68DA63BB69BA681A640121B869FFF76F
:1085700005FFBB69FA7883F84C2000BF1037BD4671
:1085800080BD000080B58EB000AFF860B9607A6041
:108590003B6000237B63FB683B633B6B002B0AD192
:1085A0004FF0500383F31188BFF36F8FBFF34F8FEA
:1085B000BB6200BFFEE7BB68002B03D13B6B1B6CAB
:1085C000002B01D1012300E00023002B0AD14FF042
:1085D000500383F31188BFF36F8FBFF34F8F7B621C
:1085E00000BFFEE73B68022B03D13B6BDB6B012B2B
:1085F00001D1012300E00023002B0AD14FF05003EA
:1086000083F31188BFF36F8FBFF34F8F3B6200BFBF
:10861000FEE701F03BFA0346002B02D17B68002BFA
:1086200001D1012300E00023002B0AD14FF05003B9
:1086300083F31188BFF36F8FBFF34F8FFB6100BFD0
:10864000FEE701F07FFF3B6B9A6B3B6BDB6B9A4263
:1086500002D33B68022B29D13A68B968386B00F025
:108660000BFAF8623B6B5B6A002B10D03B6B243338
:10867000184601F049F80346002B13D03F4B4FF04A
:1086800080521A60BFF34F8FBFF36F8F0AE0FB6A0F
:10869000002B07D0394B4FF080521A60BFF34F8F39
:1086A000BFF36F8F01F07EFF012363E07B68002B37
:1086B00003D101F077FF00235CE07B6B002B06D138
:1086C00007F11403184601F083F801237B6301F0DE
:1086D00069FF00F0C9FD01F035FF3B6B93F84430B2
:1086E0005BB2B3F1FF3F03D13B6B002283F8442020
:1086F0003B6B93F845305BB2B3F1FF3F03D13B6B6B
:10870000002283F8452001F04DFF3A1D07F11403C4
:108710001146184601F072F80346002B24D1386B3D
:1087200000F0A2FA0346002B18D03B6B10337A6896
:108730001146184600F098FF386B00F02DFA00F053
:10874000A1FD0346002B7FF47CAF0C4B4FF0805211
:108750001A60BFF34F8FBFF36F8F72E7386B00F073
:108760001BFA00F08FFD6CE7386B00F015FA00F093
:1087700089FD002318463837BD4680BD04ED00E072
:1087800080B590B000AFF860B9607A603B60FB687C
:10879000BB63BB6B002B0AD14FF0500383F31188EE
:1087A000BFF36F8FBFF34F8FBB6200BFFEE7BB68A5
:1087B000002B03D1BB6B1B6C002B01D1012300E00C
:1087C0000023002B0AD14FF0500383F31188BFF32D
:1087D0006F8FBFF34F8F7B6200BFFEE73B68022BBA
:1087E00003D1BB6BDB6B012B01D1012300E0002324
:1087F000002B0AD14FF0500383F31188BFF36F8F22
:10880000BFF34F8F3B6200BFFEE701F07DFFEFF348
:1088100011824FF0500383F31188BFF36F8FBFF3C2
:108820004F8FFA61BB61FB697B63BB6B9A6BBB6B60
:10883000DB6B9A4202D33B68022B2FD1BB6B93F8C0
:10884000453087F83330BB6B9B6BFB623A68B96885
:10885000B86B00F011F997F93330B3F1FF3F12D143
:10886000BB6B5B6A002B16D0BB6B2433184600F041
:108870004BFF0346002B0ED07B68002B0BD07B6890
:1088800001221A6007E097F833300133DBB25AB2A5
:10889000BB6B83F845200123FB6301E00023FB63EE
:1088A0007B6B7B617B6983F3118800BFFB6B184690
:1088B0004037BD4680BD000080B58CB000AFF86089
:1088C000B9607A600023FB62FB68BB62BB6A002B65
:1088D0000AD14FF0500383F31188BFF36F8FBFF3BA
:1088E0004F8F3B6200BFFEE7BB68002B03D1BB6A22
:1088F0001B6C002B01D1012300E00023002B0AD1C7
:108900004FF0500383F31188BFF36F8FBFF34F8F86
:10891000FB6100BFFEE701F0B9F80346002B02D16E
:108920007B68002B01D1012300E00023002B0AD13A
:108930004FF0500383F31188BFF36F8FBFF34F8F56
:10894000BB6100BFFEE701F0FDFDBB6A9B6B7B6274
:108950007B6A002B1FD0B968B86A00F0F7F87B6A11
:108960005A1EBB6A9A63BB6A1B69002B0FD0BB6A95
:108970001033184600F0C8FE0346002B07D03D4BCD
:108980004FF080521A60BFF34F8FBFF36F8F01F02B
:1089900009FE012369E07B68002B03D101F002FE90
:1089A000002362E0FB6A002B06D107F11003184692
:1089B00000F00EFF0123FB6201F0F4FD00F054FC17
:1089C00001F0C0FDBB6A93F844305BB2B3F1FF3FE6
:1089D00003D1BB6A002283F84420BB6A93F8453078
:1089E0005BB2B3F1FF3F03D1BB6A002283F845209D
:1089F00001F0D8FD3A1D07F110031146184600F0AA
:108A0000FDFE0346002B23D1B86A00F017F9034698
:108A1000002B17D0BB6A24337A681146184600F041
:108A200023FEB86A00F0B8F800F02CFC0346002BD7
:108A300089D1104B4FF080521A60BFF34F8FBFF3B4
:108A40006F8F80E7B86A00F0A7F800F01BFC7AE7A8
:108A5000B86A00F0A1F800F015FCB86A00F0EEF872
:108A60000346002B3FF46FAF002318463037BD4656
:108A700080BD00BF04ED00E080B586B000AFF860B7
:108A8000B9607A6000237B61FB689B6B3B61FB688C
:108A90001B6C002B0DD1FB681B68002B4DD1FB68B4
:108AA0009B68184601F010F87861FB6800229A6014
:108AB00043E07B68002B19D1FB685868FB681B6C8E
:108AC0001A46B96802F052FAFB685A68FB681B6CD8
:108AD0001A44FB685A60FB685A68FB689B689A42B4
:108AE0002BD3FB681A68FB685A6026E0FB68D868DD
:108AF000FB681B6C1A46B96802F038FAFB68DA6842
:108B0000FB681B6C5B421A44FB68DA60FB68DA683E
:108B1000FB681B689A4207D2FB689A68FB681B6C6B
:108B20005B421A44FB68DA607B68022B05D13B6923
:108B3000002B02D03B69013B3B613B695A1CFB683F
:108B40009A637B6918461837BD4680BD80B582B0F0
:108B500000AF786039607B681B6C002B18D07B6895
:108B6000DA687B681B6C1A447B68DA607B68DA68B9
:108B70007B689B689A4203D37B681A687B68DA60DB
:108B80007B68D9687B681B6C1A46386802F0EEF97E
:108B900000BF0837BD4680BD80B584B000AF7860A7
:108BA00001F0D0FC7B6893F84530FB7311E07B68E3
:108BB0005B6A002B12D07B682433184600F0A4FDBA
:108BC0000346002B01D000F07BFEFB7B013BDBB2B8
:108BD000FB7397F90F30002BE9DC00E000BF7B68E6
:108BE000FF2283F8452001F0DDFC01F0ABFC7B683F
:108BF00093F84430BB7311E07B681B69002B12D0E3
:108C00007B681033184600F07FFD0346002B01D02F
:108C100000F056FEBB7B013BDBB2BB7397F90E3015
:108C2000002BE9DC00E000BF7B68FF2283F84420D2
:108C300001F0B8FC00BF1037BD4680BD80B584B0E0
:108C400000AF786001F07EFC7B689B6B002B02D14B
:108C50000123FB6001E00023FB6001F0A3FCFB6843
:108C600018461037BD4680BD80B584B000AF78602F
:108C700001F068FC7B689A6B7B68DB6B9A4202D1DF
:108C80000123FB6001E00023FB6001F08BFCFB682B
:108C900018461037BD4680BD80B485B000AF7860FF
:108CA00039600023FB6014E00F4AFB6852F8333050
:108CB000002B0BD10C49FB683A6841F833200A4A73
:108CC000FB68DB0013447A685A6006E0FB680133F6
:108CD000FB60FB68072BE7D900BF00BF1437BD4618
:108CE0005DF8047B704700BF2021002080B586B06E
:108CF00000AFF860B9607A60FB687B6101F022FC2C
:108D00007B6993F844305BB2B3F1FF3F03D17B69D9
:108D1000002283F844207B6993F845305BB2B3F1BD
:108D2000FF3F03D17B69002283F8452001F03AFC24
:108D30007B699B6B002B06D17B6924337A68B96809
:108D4000184600F0B5FC7869FFF726FF00BF18371A
:108D5000BD4680BD80B58EB004AFF860B9607A6062
:108D60003B607B6B002B0AD14FF0500383F31188DB
:108D7000BFF36F8FBFF34F8F3B6200BFFEE7BB6B4C
:108D8000002B0AD14FF0500383F31188BFF36F8F8C
:108D9000BFF34F8FFB6100BFFEE74FF4D0733B6121
:108DA0003B69B3F5D07F0AD04FF0500383F31188AD
:108DB000BFF36F8FBFF34F8FBB6100BFFEE73B690F
:108DC000BB6B002B1ED07B6B002B1BD0BB6B7B6265
:108DD0007B6A7A6B1A637B6A022283F89D210023E7
:108DE00003937B6A029307F1140301933B6B009397
:108DF0003B687A68B968F86800F052F8786A00F061
:108E00001FF901E000237B617B6918462837BD46C6
:108E100080BD80B58CB004AFF860B9603B6013468C
:108E2000FB80FB889B00184601F0AEFC78617B69F3
:108E3000002B0FD04FF4D07001F0A6FCF861FB6955
:108E4000002B03D0FB697A691A6305E0786901F0A9
:108E500067FD01E00023FB61FB69002B17D0FB6974
:108E6000002283F89D21FA8800230393FB69029373
:108E7000FB6A0193BB6A00933B68B968F86800F02D
:108E80000FF8F86900F0DCF80123BB6102E04FF055
:108E9000FF33BB61BB6918462037BD4680BD00006B
:108EA00080B588B000AFF860B9607A603B603B6B1A
:108EB000186B7B689B001A46A52101F0CBFF3B6B2A
:108EC0001A6B7B6803F18043013B9B001344BB6139
:108ED000BB6923F00703BB61BB6903F00703002BE9
:108EE0000AD04FF0500383F31188BFF36F8FBFF3A5
:108EF0004F8F7B6100BFFEE7BB68002B1FD00023B4
:108F0000FB6112E0BA68FB69134419783A6BFB699C
:108F1000134434330A461A70BA68FB6913441B7849
:108F2000002B06D0FB690133FB61FB690F2BE9D9EC
:108F300000E000BF3B6B002283F8432003E03B6B63
:108F4000002283F83420BB6A372B01D93723BB6258
:108F50003B6BBA6ADA623B6BBA6ADA643B6B00223B
:108F60001A653B6B04331846FFF774F93B6B1833F3
:108F70001846FFF76FF93B6B3A6B1A61BB6AC3F196
:108F800038023B6B9A613B6B3A6B5A623B6B002237
:108F9000C3F898213B6B002283F89C213B6B58332C
:108FA0004FF4A0720021184601F054FF3B6B214A98
:108FB000DA653B6B204A1A663B6B204A5A66396B6E
:108FC0004FF001024FF00003C1E93C233B6B43F239
:108FD0000E32A3F8F8203B6B4AF6CD32A3F8FA2004
:108FE0003B6B41F23422A3F8FC203B6B4EF26D62E6
:108FF000A3F8FE203B6B4DF6EC62A3F800213B6B1F
:109000000522A3F802213B6B0B22A3F804213A6846
:10901000F968B86901F068F902463B6B1A60FB6AAF
:10902000002B02D0FB6A3A6B1A6000BF2037BD46A6
:1090300080BD00BFB46300201C6400208464002055
:1090400080B582B000AF786001F07CFA2D4B1B68D0
:1090500001332C4A13602C4B1B68002B09D12A4A80
:109060007B681360274B1B68012B10D100F04CFC70
:109070000DE0264B1B68002B09D1234B1B68DA6AD5
:109080007B68DB6A9A4202D81F4A7B681360204BD8
:109090001B6801331E4A13601D4B1A687B685A64B3
:1090A0007B68DA6A1B4B1B689A4203D97B68DB6AD0
:1090B000184A13607B68DA6A13469B0013449B00CE
:1090C000154A1A447B68043319461046FFF7CFF857
:1090D00001F068FA0D4B1B68002B0ED00A4B1B6881
:1090E000DA6A7B68DB6A9A4207D20C4B4FF08052F7
:1090F0001A60BFF34F8FBFF36F8F00BF0837BD46B5
:1091000080BD00BF342600206021002040260020C2
:10911000502600203C2600206421002004ED00E0C1
:1091200080B584B000AF78600023FB607B68002BC3
:1091300017D0134B1B68002B0AD04FF0500383F35A
:109140001188BFF36F8FBFF34F8FBB6000BFFEE787
:1091500000F08AF80021786800F024FD00F092F811
:10916000F860FB68002B07D1064B4FF080521A6065
:10917000BFF34F8FBFF36F8F00BF1037BD4680BD69
:109180005C26002004ED00E080B58AB004AF002327
:10919000BB6000237B603A46391D07F1080318467F
:1091A000FFF704F839687B68BA68029201930023DC
:1091B000009300230A4624492448FFF7CBFD0346C9
:1091C000234A1360224B1B68002B02D001237B61D2
:1091D00001E000237B617B69012B02D100F036FDA9
:1091E00078617B69012B1BD14FF0500383F3118809
:1091F000BFF36F8FBFF34F8F3B6100BF154B1B68F1
:109200005833154A1360154B4FF0FF321A60144B58
:1092100001221A60134B00221A6001F0F1F80EE0EF
:109220007B69B3F1FF3F0AD14FF0500383F31188FC
:10923000BFF36F8FBFF34F8FFB6000BFFEE700BF30
:109240001837BD4680BD00BF58B00008D998000847
:109250005826002060210020100000205426002005
:10926000402600203826002080B400AF044B1B6845
:109270000133034A136000BFBD465DF8047B7047AD
:109280005C26002080B584B000AF0023FB60002383
:10929000BB60424B1B68002B0AD14FF0500383F395
:1092A0001188BFF36F8FBFF34F8F3B6000BFFEE7A6
:1092B00001F048F9394B1B68013B384A1360374BC2
:1092C0001B68002B62D1364B1B68002B5ED02FE051
:1092D000344BDB68DB68FB60FB6818331846FFF72C
:1092E00023F8FB6804331846FFF71EF8FB68DA6AB8
:1092F0002D4B1B689A4203D9FB68DB6A2A4A13602C
:10930000FB68DA6A13469B0013449B00274A1A4401
:10931000FB68043319461046FEF7A9FFFB68DA6ABA
:10932000234B1B68DB6A9A4202D3224B01221A604C
:109330001C4B1B68002BCBD1FB68002B01D000F02D
:1093400085FB1D4B1B687B607B68002B10D000F0F9
:1093500047F80346002B02D0164B01221A607B68A7
:10936000013B7B607B68002BF1D1134B00221A601C
:10937000104B1B68002B09D00123BB600F4B4FF033
:1093800080521A60BFF34F8FBFF36F8F01F00AF95D
:10939000BB6818461037BD4680BD00BF5C26002064
:1093A00034260020F42500203C26002064210020E3
:1093B00060210020482600204426002004ED00E023
:1093C00080B483B000AF054B1B687B607B68184698
:1093D0000C37BD465DF8047B704700BF382600207F
:1093E00080B586B000AF00237B614F4B1B68002B1C
:1093F00040F08F804D4B1B6801333B614B4A3B690A
:1094000013603B69002B20D1494B1B681B68002B64
:109410000AD04FF0500383F31188BFF36F8FBFF36F
:109420004F8F3B6000BFFEE7414B1B68FB60414B29
:109430001B683F4A13603F4AFB6813603E4B1B6842
:1094400001333D4A136000F001FB3C4B1B683A6955
:109450009A4249D3364B1B681B68002B04D1374B0B
:109460004FF0FF321A603FE0314B1B68DB68DB686E
:10947000BB60BB685B687B603A697B689A4203D2D9
:109480002E4A7B6813602FE0BB6804331846FEF752
:109490004BFFBB689B6A002B04D0BB68183318468F
:1094A000FEF742FFBB68DA6A254B1B689A4203D974
:1094B000BB68DB6A224A1360BB68DA6A13469B000A
:1094C00013449B001F4A1A44BB68043319461046D4
:1094D000FEF7CDFEBB68DA6A1B4B1B68DB6A9A425B
:1094E000B8D301237B61B5E7174B1B68DA6A1549CE
:1094F00013469B0013449B000B441B68012B01D9AE
:1095000001237B61114B1B68002B07D001237B617A
:1095100004E00F4B1B6801330D4A13607B6918464A
:109520001837BD4680BD00BF5C26002038260020CD
:10953000EC250020F02500204C2600205426002099
:109540003C260020642100206021002048260020C5
:109550004426002080B586B000AF3D4B1B68002B31
:1095600003D03C4B01221A606DE03A4B00221A6096
:10957000394B1B681B6B3B614FF0A533FB603B69AC
:109580001B68FA689A4211D13B6904331B68FA6878
:109590009A420BD13B6908331B68FA689A4205D19D
:1095A0003B690C331B68FA689A4208D02A4B1A6848
:1095B000294B1B68343319461046F8F739F9274B05
:1095C0001B687B6110E07B69002B0AD14FF05003D0
:1095D00083F31188BFF36F8FBFF34F8F7B6000BFA2
:1095E000FEE77B69013B7B611D497A6913469B005D
:1095F00013449B000B441B68002BE4D07A6913468C
:109600009B0013449B00164A1344BB60BB685B6815
:109610005A68BB685A60BB685A68BB6808339A428C
:1096200004D1BB685B685A68BB685A60BB685B68FA
:10963000DB68094A1360094A7B691360064B1B68A3
:109640005833084A136000BF1837BD4680BD00BFBD
:109650005C26002048260020602100203C260020B7
:10966000642100201000002080B584B000AF786035
:1096700039607B68002B0AD14FF0500383F31188C7
:10968000BFF36F8FBFF34F8FFB6000BFFEE7074B49
:109690001B68183319467868FEF70DFE01213868FB
:1096A00000F080FA00BF1037BD4680BD6021002069
:1096B00080B586B000AFF860B9607A60FB68002BB7
:1096C0000AD14FF0500383F31188BFF36F8FBFF3BC
:1096D0004F8F7B6100BFFEE70A4B1B6818331946AA
:1096E000F868FEF7C4FD7B68002B02D04FF0FF3313
:1096F000BB607968B86800F055FA00BF1837BD46FE
:1097000080BD00BF6021002080B586B000AF7860CA
:109710007B68DB68DB683B613B69002B0AD14FF05B
:10972000500383F31188BFF36F8FBFF34F8FFB603C
:1097300000BFFEE73B6918331846FEF7F5FD1E4BE8
:109740001B68002B1DD13B6904331846FEF7ECFD66
:109750003B69DA6A194B1B689A4203D93B69DB6A99
:10976000164A13603B69DA6A13469B0013449B0058
:10977000134A1A443B69043319461046FEF777FD35
:1097800005E03B69183319460E48FEF770FD3B694A
:10979000DA6A0D4B1B68DB6A9A4205D901237B61AB
:1097A0000A4B01221A6001E000237B617B691846A5
:1097B0001837BD4680BD00BF5C2600203C26002037
:1097C00064210020F425002060210020482600208C
:1097D00080B483B000AF7860064B1A687B681A606B
:1097E000054B1A687B685A6000BF0C37BD465DF8B0
:1097F000047B70474C2600203826002080B588B0B6
:1098000000AF786039607B68002B0AD14FF05003BD
:1098100083F31188BFF36F8FBFF34F8F3B6100BF9E
:10982000FEE73B68002B0AD14FF0500383F3118809
:10983000BFF36F8FBFF34F8FFB6000BFFEE700F0F9
:1098400081FE1D4B1B68BB617B685B68BA69D31ADC
:109850007B613B681B68B3F1FF3F02D10023FB61D2
:1098600023E07B681A68154B1B689A4207D07B6817
:109870005B68BA699A4202D30123FB6115E03B6839
:109880001B687A699A420BD23B681A687B69D21AC4
:109890003B681A607868FFF79BFF0023FB6104E0D8
:1098A0003B6800221A600123FB6100F07BFEFB692C
:1098B00018462037BD4680BD382600204C260020A3
:1098C00080B400AF034B01221A6000BFBD465DF8B3
:1098D000047B70474826002080B582B000AF7860D6
:1098E00000F052F8064B1B68012BF9D9054B4FF0DD
:1098F00080521A60BFF34F8FBFF36F8FF0E700BF46
:109900006421002004ED00E080B582B000AF0023A8
:109910007B600CE07A6813469B0013449B00124A5C
:1099200013441846FEF776FC7B6801337B607B6846
:10993000372BEFD90D48FEF76DFC0D48FEF76AFC9A
:109940000C48FEF767FC0C48FEF764FC0B48FEF77A
:1099500061FC0B4B054A1A600A4B054A1A6000BFAE
:109960000837BD4680BD00BF64210020C42500200B
:10997000D8250020F42500200826002020260020DD
:10998000EC250020F025002080B582B000AF19E062
:1099900000F0D8FD104BDB68DB687B607B6804332C
:1099A0001846FEF7C1FC0D4B1B68013B0B4A1360C8
:1099B0000B4B1B68013B0A4A136000F0F3FD78680B
:1099C00000F010F8064B1B68002BE1D100BF00BF70
:1099D0000837BD4680BD00BF082600203426002081
:1099E0001C26002080B584B000AF78607B685833B7
:1099F000184601F037FA7B6893F89D31002B08D1A7
:109A00007B681B6B184600F08BFF786800F088FFBE
:109A100018E07B6893F89D31012B03D1786800F042
:109A20007FFF0FE07B6893F89D31022B0AD04FF047
:109A3000500383F31188BFF36F8FBFF34F8FFB6029
:109A400000BFFEE700BF1037BD4680BD80B483B0C5
:109A500000AF0C4B1B681B68002B04D10A4B4FF066
:109A6000FF321A6008E0074B1B68DB68DB687B602D
:109A70007B685B68044A136000BF0C37BD465DF825
:109A8000047B7047EC2500205426002080B483B06E
:109A900000AF0B4B1B68002B02D101237B6008E059
:109AA000084B1B68002B02D102237B6001E00023DE
:109AB0007B607B6818460C37BD465DF8047B7047B9
:109AC000402600205C26002080B586B000AF78607C
:109AD0007B683B6100237B617B68002B56D02E4B5B
:109AE0001B683A699A420AD04FF0500383F31188F9
:109AF000BFF36F8FBFF34F8FFB6000BFFEE73B6983
:109B00001B6D002B0AD14FF0500383F31188BFF374
:109B10006F8FBFF34F8FBB6000BFFEE73B691B6DCC
:109B20005A1E3B691A653B69DA6A3B69DB6C9A42EB
:109B30002CD03B691B6D002B28D13B6904331846A0
:109B4000FEF7F2FB3B69DA6C3B69DA623B69DB6A80
:109B5000C3F138023B699A613B69DA6A0F4B1B68B3
:109B60009A4203D93B69DB6A0C4A13603B69DA6AA3
:109B700013469B0013449B00094A1A443B69043373
:109B800019461046FEF773FB01237B617B6918467B
:109B90001837BD4680BD00BF602100203C26002054
:109BA0006421002080B584B000AF78603960214B1B
:109BB0001B68FB60204B1B6804331846FEF7B4FBA0
:109BC0007B68B3F1FF3F0AD13B68002B07D01A4BEB
:109BD0001B68043319461948FEF749FB26E0FA686A
:109BE0007B681344BB60144B1B68BA685A60BA6840
:109BF000FB689A4209D2124B1A680F4B1B68043358
:109C000019461046FEF757FB10E00E4B1A680A4B38
:109C10001B68043319461046FEF74DFB0A4B1B68C0
:109C2000BA689A4202D2084ABB68136000BF103774
:109C3000BD4680BD3826002060210020202600205F
:109C4000F0250020EC2500205426002080B58AB0A5
:109C500004AF00237B6100F007FB1C4B1B68002B4B
:109C600021D00023FB600023BB603A1D07F10801EF
:109C700007F10C031846FEF7B3FA7968BB68FA6877
:109C8000029201930223009300230A4610491148CF
:109C9000FFF760F80346104A13600F4B1B68002B58
:109CA00001D001237B617B69002B0AD14FF0500367
:109CB00083F31188BFF36F8FBFF34F8F3B6100BFFA
:109CC000FEE77B6918461837BD4680BD9026002008
:109CD00060B00008119E00089426002080B58AB06C
:109CE00000AFF860B9607A603B6000237B62FB687C
:109CF000002B0AD14FF0500383F31188BFF36F8F0D
:109D0000BFF34F8F3B6200BFFEE71A4B1B68002B6F
:109D10002AD0BB683B617B687B61FB68BB61BB6829
:109D2000052B18DCFFF7B2FE0346022B09D1114BBD
:109D3000186807F1100100233A6BFEF723FC7862E4
:109D400012E00C4B186807F1100100230022FEF707
:109D500019FC786208E0074B186807F1100100232E
:109D60003A68FEF70DFD78627B6A18462837BD46D3
:109D700080BD00BF9026002080B588B002AF78601B
:109D80003960224B1B68DB68DB687B617B690433CD
:109D90001846FEF7C9FA7B6993F8283003F00403EC
:109DA000002B22D07B699A697B68D1187B683A685E
:109DB000786900F0D1F80346002B1FD000230093F0
:109DC00000237A6800217869FFF788FF38613B69D2
:109DD000002B13D14FF0500383F31188BFF36F8F23
:109DE000BFF34F8FFB6000BFFEE77B6993F828301D
:109DF00023F00103DAB27B6983F828207B691B6AB0
:109E00007869984700BF1837BD4680BD8826002076
:109E100080B584B000AF786007F10803184600F001
:109E200057F8F860BB681946F86800F003F800F0CE
:109E3000D5F8F1E780B584B000AF78603960FFF7FE
:109E400013FA07F10803184600F066F8F860BB68DB
:109E5000002B30D13B68002B0AD17A68FB689A420C
:109E600006D8FFF70FFAF9687868FFF785FF24E056
:109E70003B68002B08D0134B1B681B68002B01D1DB
:109E8000012300E000233B600F4B18687A68FB68F1
:109E9000D31A3A681946FEF729FFFFF7F3F903468C
:109EA000002B0AD1094B4FF080521A60BFF34F8F3D
:109EB000BFF36F8F01E0FFF7E5F900BF1037BD4634
:109EC00080BD00BF8C2600209026002004ED00E01D
:109ED00080B485B000AF78600E4B1B681B68002B08
:109EE00001D1012200E000227B681A607B681B68B8
:109EF000002B05D1074B1B68DB681B68FB6001E08A
:109F00000023FB60FB6818461437BD465DF8047BF0
:109F1000704700BF8826002080B584B000AF78600D
:109F2000FFF74EFAF8600B4B1B68FA689A4205D2AD
:109F300000F036F97B6801221A6002E07B6800229B
:109F40001A60044AFB681360FB6818461037BD4668
:109F500080BD00BF9826002080B586B000AFF860B5
:109F6000B9607A603B6000237B61FB68BA685A6025
:109F7000FB68FA681A61BA687B689A4212D87A68F4
:109F80003B68D21AFB689B699A4202D301237B612A
:109F90001BE0104B1A68FB68043319461046FEF7A5
:109FA0008AF912E07A683B689A4206D2BA683B683E
:109FB0009A4202D301237B6107E0074B1A68FB68D2
:109FC000043319461046FEF776F97B6918461837B0
:109FD000BD4680BD8C2600208826002080B58EB02E
:109FE00002AFCAE07B68002B18DA3B1D0433FB622A
:109FF000FB6A002B0AD14FF0500383F31188BFF3A3
:10A000006F8FBFF34F8FFB6100BFFEE7FB6A1B68DA
:10A01000FA6A5068FA6A9268114698477B68002B82
:10A02000C0F2AB80FB68BB62BB6A5B69002B04D0EB
:10A03000BB6A04331846FEF777F93B461846FFF72C
:10A040006BFF78627B68092B00F2968001A252F8C0
:10A0500023F000BF7DA000087DA000087DA00008BF
:10A06000F1A0000805A100084FA100087DA000088C
:10A070007DA00008F1A0000805A10008BB6A93F8C4
:10A08000283043F00103DAB2BB6A83F82820BA68AB
:10A09000BB6A9B69D118BB687A6AB86AFFF75CFF34
:10A0A0000346002B69D0BB6A1B6AB86A9847BB6A33
:10A0B00093F8283003F00403002B5ED0BA68BB6A23
:10A0C0009B691A440023009300230021B86AFFF71C
:10A0D00005FE38623B6A002B4FD14FF0500383F3EB
:10A0E0001188BFF36F8FBFF34F8FBB6100BFFEE7D7
:10A0F000BB6A93F8283023F00103DAB2BB6A83F815
:10A1000028203AE0BB6A93F8283043F00103DAB222
:10A11000BB6A83F82820BA68BB6A9A61BB6A9B69EC
:10A12000002B0AD14FF0500383F31188BFF36F8FD8
:10A13000BFF34F8F7B6100BFFEE7BB6A9A697B6A02
:10A14000D1187B6A7A6AB86AFFF706FF15E0BB6A26
:10A1500093F8283003F00203002B03D1B86A00F013
:10A16000DFFB0AE0BB6A93F8283023F00103DAB280
:10A17000BB6A83F8282000E000BF084B1B68391D2C
:10A1800000221846FEF798FB0346002B7FF42AAF07
:10A1900000BF00BF3037BD4680BD00BF9026002005
:10A1A00080B588B002AF48E02D4B1B68DB681B68A8
:10A1B0003B612B4B1B68DB68DB68FB60FB6804338F
:10A1C0001846FEF7B1F8FB681B6AF8689847FB6809
:10A1D00093F8283003F00403002B2ED0FB689B6912
:10A1E0003A691344BB60BA683B699A420ED9FB686E
:10A1F000BA685A60FB68FA681A61194B1A68FB68FA
:10A20000043319461046FEF756F816E00023009373
:10A2100000233A690021F868FFF760FD78607B68E9
:10A22000002B0AD14FF0500383F31188BFF36F8FD7
:10A23000BFF34F8F3B6000BFFEE7094B1B681B68F5
:10A24000002BB1D1064B1B687B61064B1B68044A8F
:10A250001360044A7B69136000BF1837BD4680BD98
:10A26000882600208C26002080B582B002AF00F046
:10A2700069F9154B1B68002B20D11448FDF7CAFF64
:10A280001348FDF7C7FF134B104A1A60124B104AD0
:10A290001A6000230093114B114A10210A20FEF787
:10A2A000D5F80346084A1360074B1B68002B05D0FE
:10A2B000054B1B680B491846FEF7EEFC00F072F9DF
:10A2C00000BFBD4680BD00BF902600206026002054
:10A2D00074260020882600208C2600203C270020A1
:10A2E0009C26002068B0000880B485B000AFF860FC
:10A2F000B9607A60FB68043BFB60FB684FF08072DA
:10A300001A60FB68043BFB60BB6823F00102FB683A
:10A310001A60FB68043BFB600C4AFB681A60FB6830
:10A32000143BFB607A68FB681A60FB68043BFB60C7
:10A33000FB686FF002021A60FB68203BFB60FB6861
:10A3400018461437BD465DF8047B704751A30008DA
:10A3500080B485B000AF00237B60124B1B68B3F163
:10A36000FF3F0AD04FF0500383F31188BFF36F8F84
:10A37000BFF34F8FFB6000BFFEE74FF0500383F346
:10A380001188BFF36F8FBFF34F8FBB6000BF00BF5B
:10A390007B68002BFCD000BF00BF1437BD465DF8C2
:10A3A000047B70470C00002000000000000000004B
:10A3B000074B19680868B0E8F04F80F30988BFF3CD
:10A3C0006F8F4FF0000080F311887047AFF300806B
:10A3D0006021002000BF00BF08480068006880F3CB
:10A3E00008884FF0000080F3148862B661B6BFF3AE
:10A3F0004F8FBFF36F8F00DF00BF00BF08ED00E09D
:10A4000080B586B000AF464B1B68464A93420AD1DE
:10A410004FF0500383F31188BFF36F8FBFF34F8F5B
:10A420003B6100BFFEE73E4B1B683F4A93420AD1A7
:10A430004FF0500383F31188BFF36F8FBFF34F8F3B
:10A44000FB6000BFFEE7394B7B617B691B78DBB2A9
:10A450007B607B69FF221A707B691B78DBB2FB7023
:10A46000FB78DBB203F05003DAB2314B1A70314B98
:10A4700007221A6009E02F4B1B68013B2D4A13602D
:10A48000FB78DBB25B00DBB2FB70FB78DBB203F086
:10A490008003802BEFD0274B1B68C3F10703042BED
:10A4A0000AD04FF0500383F31188BFF36F8FBFF3CF
:10A4B0004F8FBB6000BFFEE71E4B1B681B021D4A8F
:10A4C00013601C4B1B6803F4E0631A4A13607B683B
:10A4D000DAB27B691A70184B1B68174A43F4700391
:10A4E0001360154B1B68144A43F07043136000F06F
:10A4F000DDF8124B00221A6000F0FCF8104B1B68CC
:10A500000F4A43F040431360FFF766FFFFF722F85E
:10A51000FFF71EFF002318461837BD4680BD00BF59
:10A5200000ED00E071C20F4170C20F4100E400E095
:10A530008C2700209027002020ED00E00C00002058
:10A5400034EF00E080B483B000AF4FF0500383F3EA
:10A550001188BFF36F8FBFF34F8F7B6000BF0F4B2E
:10A560001B6801330D4A13600C4B1B68012B0FD184
:10A570000B4B1B68DBB2002B0AD04FF0500383F368
:10A580001188BFF36F8FBFF34F8F3B6000BFFEE7B3
:10A5900000BF0C37BD465DF8047B70470C000020FF
:10A5A00004ED00E080B483B000AF124B1B68002BB9
:10A5B0000AD14FF0500383F31188BFF36F8FBFF3BD
:10A5C0004F8F7B6000BFFEE70A4B1B68013B094AC7
:10A5D0001360084B1B68002B05D100233B603B68D0
:10A5E00083F3118800BF00BF0C37BD465DF8047BC4
:10A5F000704700BF0C0000200000000000000000B9
:10A60000EFF30980BFF36F8F154B1A681EF0100F20
:10A6100008BF20ED108A20E9F04F10602DE90900F5
:10A620004FF0500080F31188BFF34F8FBFF36F8F4F
:10A63000FEF790FF4FF0000080F3118809BC196805
:10A640000868B0E8F04F1EF0100F08BFB0EC108A99
:10A6500080F30988BFF36F8F704700BFAFF30080AE
:10A660006021002000BF00BF80B582B000AF4FF076
:10A67000500383F31188BFF36F8FBFF34F8F7B605D
:10A6800000BFFEF7ADFE0346002B03D0064B4FF094
:10A6900080521A6000233B603B6883F3118800BF3F
:10A6A00000BF0837BD4680BD04ED00E080B400AFB8
:10A6B0000B4B00221A600B4B00221A600A4B1B68DE
:10A6C0000A4AA2FB03239B09094A013B1360044B7E
:10A6D00007221A6000BFBD465DF8047B704700BFCB
:10A6E00010E000E018E000E008000020D34D621008
:10A6F00014E000E0DFF80C00016841F47001016033
:10A70000704700BF88ED00E080B485B000AFEFF384
:10A710000583FB60FB680F2B14D9174AFB681344B1
:10A720001B78FB72154B1B78FA7A9A420AD24FF0CB
:10A73000500383F31188BFF36F8FBFF34F8F7B609C
:10A7400000BFFEE70E4B1B6803F4E0620D4B1B6875
:10A750009A420AD94FF0500383F31188BFF36F8FE9
:10A76000BFF34F8F3B6000BFFEE700BF1437BD460D
:10A770005DF8047B704700BFF0E300E08C27002009
:10A780000CED00E09027002080B58AB000AF786023
:10A790000023FB61FEF768FD5B4B1B68002B01D1BA
:10A7A00000F020F9594B1A687B681340002B40F0E9
:10A7B00093807B68002B1DD008227B6813447B604C
:10A7C0007B6803F00703002B14D07B6823F007039A
:10A7D00008337B607B6803F00703002B0AD04FF03F
:10A7E000500383F31188BFF36F8FBFF34F8F7B61EB
:10A7F00000BFFEE77B68002B6ED0454B1B687A6874
:10A800009A4269D8434B3B62424B1B687B6204E02F
:10A810007B6A3B627B6A1B687B627B6A5B687A68E7
:10A820009A4203D97B6A1B68002BF1D1364B1B6817
:10A830007A6A9A4250D03B6A1B6808221344FB6133
:10A840007B6A1A683B6A1A607B6A5A687B68D21A0C
:10A8500008235B009A421FD97A6A7B681344BB6164
:10A86000BB6903F00703002B0AD04FF0500383F3BA
:10A870001188BFF36F8FBFF34F8F3B6100BFFEE7BF
:10A880007B6A5A687B68D21ABB695A607B6A7A68AD
:10A890005A60B86900F008F91D4B1A687B6A5B685A
:10A8A000D31A1B4A13601A4B1A681B4B1B689A4237
:10A8B00003D2174B1B68184A13607B6A5A68134B04
:10A8C0001B681A437B6A5A607B6A00221A60134B2A
:10A8D0001B680133114A1360FEF7D4FCFB6903F0D7
:10A8E0000703002B0AD04FF0500383F31188BFF306
:10A8F0006F8FBFF34F8FFB6000BFFEE7FB69184609
:10A900002837BD4680BD00BF9C630020B063002097
:10A91000A063002094630020A4630020A8630020AB
:10A9200080B586B000AF78607B687B617B68002B68
:10A930004DD008235B427A6913447B617B693B619C
:10A940003B695A68244B1B681340002B0AD14FF017
:10A95000500383F31188BFF36F8FBFF34F8FFB60FA
:10A9600000BFFEE73B691B68002B0AD04FF0500385
:10A9700083F31188BFF36F8FBFF34F8FBB6000BFAE
:10A98000FEE73B695A68144B1B681340002B1ED02E
:10A990003B691B68002B1AD13B695A680E4B1B6838
:10A9A000DB431A403B695A60FEF75EFC3B695A681C
:10A9B0000A4B1B681344094A1360386900F074F8A5
:10A9C000074B1B680133064A1360FEF75BFC00BFB0
:10A9D0001837BD4680BD00BFB0630020A0630020D3
:10A9E000AC63002080B485B000AF4FF47053BB60FF
:10A9F000274BFB60FB6803F00703002B0CD0FB68C0
:10AA00000733FB60FB6823F00703FB60BA68FB6851
:10AA1000D31A1F4A1344BB60FB687B601D4A7B68E6
:10AA200013601C4B00225A607B68BA681344FB60B9
:10AA30000822FB689B1AFB60FB6823F00703FB609E
:10AA4000FB68154A1360144B1B6800225A60124BB6
:10AA50001B6800221A607B683B603B68FA68D21A68
:10AA60003B685A600C4B1A683B681A603B685B682D
:10AA70000A4A13603B685B68094A1360094B4FF050
:10AA800000421A6000BF1437BD465DF8047B704772
:10AA900094270020946300209C630020A46300207E
:10AAA000A0630020B063002080B485B000AF786060
:10AAB000284BFB6002E0FB681B68FB60FB681B68BF
:10AAC0007A689A42F7D8FB68BB60FB685B68BA6833
:10AAD00013447A689A4208D1FB685A687B685B68BD
:10AAE0001A44FB685A60FB687B607B68BB607B68CC
:10AAF0005B68BA681A44FB681B689A4218D1FB6805
:10AB00001A68154B1B689A420DD07B685A68FB681F
:10AB10001B685B681A447B685A60FB681B681A688C
:10AB20007B681A6008E00C4B1A687B681A6003E0C7
:10AB3000FB681A687B681A60FA687B689A4202D0E0
:10AB4000FB687A681A6000BF1437BD465DF8047B65
:10AB5000704700BF946300209C6300202DE9F047FC
:10AB6000089D0F4604468C46002B48D18A42164663
:10AB700061D9B2FA82F34BB1C3F1200201FA03FCAE
:10AB800020FA02F29E4042EA0C0C9C404FEA164E1C
:10AB9000B7B2BCFBFEF1220C0EFB11CC42EA0C4218
:10ABA00001FB07F0904209D9B21801F1FF3C80F097
:10ABB000EE80904240F2EB8002393244121AA4B285
:10ABC000B2FBFEF00EFB102244EA024400FB07F742
:10ABD000A74209D9341900F1FF3280F0DA80A74288
:10ABE00040F2D7803444023840EA0140E41B00219F
:10ABF0001DB1DC400023C5E90043BDE8F0878B426E
:10AC000006D90DB1C5E9000100210846BDE8F0876D
:10AC1000B3FA83F1002948D1BB4202D3824200F249
:10AC20000781841A67EB030201209446002DE4D0CB
:10AC3000C5E9004CE1E7002A00F09280B2FA82F305
:10AC4000002B40F0A8808A1A4FEA164E1FFA86FCA5
:10AC50000121200CB2FBFEF70EFB172240EA024254
:10AC60000CFB07F0904207D9B21807F1FF3802D267
:10AC7000904200F2E2804746121AA4B2B2FBFEF004
:10AC80000EFB102244EA02440CFB00FCA44507D949
:10AC9000341900F1FF3202D2A44500F2CB801046F5
:10ACA000A4EB0C0440EA0740A2E7C1F120068B4068
:10ACB00022FA06FC4CEA030C07FA01F420FA06F328
:10ACC000F7404FEA1C49234300FA01F81FFA8CFEB3
:10ACD000B7FBF9F01C0C09FB107744EA074400FBB2
:10ACE0000EF7A74202FA01F20AD91CEB040400F1A4
:10ACF000FF3A80F09B80A74240F29880023864447B
:10AD0000E41B9FB2B4FBF9F309FB134447EA044484
:10AD100003FB0EFEA64509D91CEB040403F1FF3723
:10AD200080F08280A6457FD9023B644443EA00401C
:10AD3000A4EB0E04A0FB02E7BC427346B94663D302
:10AD400060D05DB1B8EB030264EB090404FA06F6C7
:10AD500022FA01F31E43CC40C5E9006400214CE710
:10AD60006208480842EAC1710B0C43EA00438AB208
:10AD700042EA0342B3FBF6F1E407B4463746B6466F
:10AD80001F23B0FBF6F0D21B41EA004161E76146A8
:10AD900014E7104628E7C3F1200120FA01F29E4093
:10ADA00027FA01F19F403A434FEA164E1FFA86FCFC
:10ADB000B1FBFEF70EFB1710110C41EA004107FB37
:10ADC0000CF8884504FA03F43AD9711807F1FF30FA
:10ADD00001D288451FD8A1EB0801B1FBFEF808FBA2
:10ADE0000CF70EFB181192B242EA0142BA422FD27E
:10ADF000B21808F1FF31C6D2BA42C4D2A8F102019A
:10AE00003244C0E7F0459CD2BEEB020367EB0C076F
:10AE10000138B94695E7A6EB08084144B81EB1FBD6
:10AE2000FEF808FB0CF7DCE73B467FE7504667E798
:10AE30000846FBE63444023832E7023F32441BE75F
:10AE4000A1EB08013846B1FBFEF808FB0CF7C8E798
:10AE5000414698E702440346934200D1704703F805
:10AE6000011BF9E72D4B1B68834270B5044653D094
:10AE7000C3691BB3DB6863B10025E369DB6859591B
:10AE8000B1B90435802DF8D1E3692046D96800F0C6
:10AE90007BF8E369196811B1204600F075F8E369A1
:10AEA0009D685DB1294620462D6800F06DF8F8E7F1
:10AEB0000E68204600F068F83146E1E7616911B19B
:10AEC000204600F061F8E16911B1204600F05CF81D
:10AED000216B11B1204600F057F8616B11B120468B
:10AEE00000F052F8A16B11B1204600F04DF8A16CB2
:10AEF00011B1204600F048F8616C11B1204600F015
:10AF000043F8E16A11B1204600F03EF8236A1BB114
:10AF10002046BDE87040184770BD00BF10000020FB
:10AF200070B50D4B0D4D5B1B9C100026A64209D140
:10AF300000F080F80A4D0B4B5B1B9C100026A642CC
:10AF400005D170BD55F8043B98470136EEE755F83A
:10AF5000043B98470136F2E7DCB00008DCB000089B
:10AF6000DCB00008E0B00008704770470A44914226
:10AF700000F1FF3300D1704710B511F8014B03F811
:10AF8000014F9142F9D110BD38B50546002941D095
:10AF900051F8043C0C1F002BB8BFE41800F03EF839
:10AFA0001D4A136833B9636014602846BDE8384011
:10AFB00000F03AB8A34208D9206821188B4201BF9B
:10AFC00019685B6809182160EDE71A465B680BB1E8
:10AFD000A342FAD911685018A0420BD1206801444D
:10AFE000501883421160E0D118685B6853600844D0
:10AFF0001060DAE702D90C232B60D6E7206821180D
:10B000008B4204BF19685B68636004BF0918216044
:10B010005460CAE738BD00BFF06400200148FFF764
:10B02000A3BF00BFEC6400200148FFF79EBF00BF34
:10B03000EC640020F8B500BFF8BC08BC9E46704721
:0CB04000F8B500BFF8BC08BC9E46704785
:10B04C0064656661756C745461736B0049444C455E
:10B05C0000000000546D722053766300546D7251E1
:10B06C00000000004CB000080000000000000000D0
:10B07C0000000000000000000008000018000000A4
:10B08C0000000000000000000000000000000000B4
:10B09C000102030406070809000000000102030472
:10B0AC00010002000400060008000A000C00100059
:10B0BC002000400080000001010101030701000095
:08B0CC0008040204080101015F
:08B0D40088FAFF7F0100000073
:04B0DC007D020008E9
:04B0E000550200080D
:10B0E40010000000010000000024F400AAAAAAAA8B
:10B0F4001400002000000000B46300201C64002041
:10B104008464002000000000000000000000000033
:10B11400000000000000000000000000000000002B
:10B12400000000000000000000000000000000001B
:10B13400000000000000000000000000000000000B
:040000050800187D5A
:00000001FF
